,title,Production company,Distributed by,Release date,Running time,Country,Language,Box office,Running time (int),Box office (numerical),Budget (numerical),Release date (datetime),Rotten Tomatoes Score,Metascore,imdbRating,Directed by,Written by,Based on,Produced by,Starring,Music by,Budget,Story by,Narrated by,Cinematography,Edited by,Languages,Screenplay by,Countries,Color process,Production companies
0,Academy Award Review of,Walt Disney Productions,United Artists,"['May 19, 1937']",41 minutes (74 minutes 1966 release),United States,English,$45.472,41.0,45.472,,1937-05-19,,N/A,7.1,,,,,,,,,,,,,,,,
1,Snow White and the Seven Dwarfs,Walt Disney Productions,RKO Radio Pictures,"['December 21, 1937 ( Carthay Circle Theatre )', 'February 4, 1938 (United States)']",83 minutes,United States,English,$418 million,83.0,418.0,1.49,1937-12-21,,95,7.6,"['David Hand', 'William Cottrell', 'Wilfred Jackson', 'Larry Morey', 'Perce Pearce', 'Ben Sharpsteen']","['Ted Sears', 'Richard Creedon', 'Otto Englander', 'Dick Rickard', 'Earl Hurd', 'Merrill De Maris', 'Dorothy Ann Blank', 'Webb Smith']","['Snow White', 'by The', 'Brothers Grimm']",Walt Disney,"['Adriana Caselotti', 'Lucille La Verne', 'Harry Stockwell', 'Roy Atwell', 'Pinto Colvig', 'Otis Harlan', 'Scotty Mattraw', 'Billy Gilbert', 'Eddie Collins', 'Moroni Olsen', 'Stuart Buchanan']","['Frank Churchill', 'Paul Smith', 'Leigh Harline']",$1.49 million,,,,,,,,,
2,Pinocchio,Walt Disney Productions,RKO Radio Pictures,"['February 7, 1940 ( Center Theatre )', 'February 23, 1940 (United States)']",88 minutes,United States,English,$164 million,88.0,164.0,2.6,1940-02-07,100.0,99,7.5,"['Ben Sharpsteen', 'Hamilton Luske', 'Bill Roberts', 'Norman Ferguson', 'Jack Kinney', 'Wilfred Jackson', 'T. Hee']",,"['The Adventures of Pinocchio', 'by', 'Carlo Collodi']",Walt Disney,"['Cliff Edwards', 'Dickie Jones', 'Christian Rub', 'Walter Catlett', 'Charles Judels', 'Evelyn Venable', 'Frankie Darro']","['Leigh Harline', 'Paul J. Smith']",$2.6 million,"['Ted Sears', 'Otto Englander', 'Webb Smith', 'William Cottrell', 'Joseph Sabo', 'Erdman Penner', 'Aurelius Battaglia']",,,,,,,,
3,Fantasia,Walt Disney Productions,RKO Radio Pictures,"['November 13, 1940']",126 minutes,United States,English,$76.4–$83.3 million (United States and Canada),126.0,76.4,2.28,1940-11-13,95.0,96,7.7,"['Samuel Armstrong', 'James Algar', 'Bill Roberts', 'Paul Satterfield', 'Ben Sharpsteen', 'David D. Hand', 'Hamilton Luske', 'Jim Handley', 'Ford Beebe', 'T. Hee', 'Norman Ferguson', 'Wilfred Jackson']",,,"['Walt Disney', 'Ben Sharpsteen']","['Leopold Stokowski', 'Deems Taylor']",See program,$2.28 million,"['Joe Grant', 'Dick Huemer']",Deems Taylor,James Wong Howe,,,,,,
4,The Reluctant Dragon,Walt Disney Productions,RKO Radio Pictures,"['June 27, 1941']",74 minutes,United States,English,"$960,000 (worldwide rentals) ",74.0,960.0,600.0,1941-06-27,100.0,N/A,6.8,"['Alfred Werker', '(live action)', 'Hamilton Luske', '(animation)', 'Jack Cutting', ',', 'Ub Iwerks', ',', 'Jack Kinney', '(sequence directors)']","['Live-action:', 'Ted Sears', 'Al Perkins', 'Larry Clemmons', 'Bill Cottrell', 'Harry Clork', 'Robert Benchley', 'The Reluctant Dragon', 'segment:', 'Kenneth Grahame', '(original book)', 'Erdman Penner', 'T. Hee', 'Baby Weems', 'segment:', 'Joe Grant', 'Dick Huemer', 'John Miller']",,Walt Disney,"['Robert Benchley', 'Frances Gifford', 'Buddy Pepper', 'Nana Bryant']","['Frank Churchill', 'Larry Morey']","$600,000",,,Bert Glennon,Paul Weatherwax,,,,,
5,Dumbo,Walt Disney Productions,RKO Radio Pictures,"['October 23, 1941 (New York City)', 'October 31, 1941 (U.S.)']",64 minutes,United States,English,">$1.3 million (est. United States/Canada rentals, 1941)",64.0,1.3,950.0,1941-10-23,98.0,96,7.2,"['Ben Sharpsteen', 'Norman Ferguson', 'Wilfred Jackson', 'Bill Roberts', 'Jack Kinney', 'Samuel Armstrong']",,"['Dumbo, the Flying Elephant', 'by', 'Helen Aberson', 'Harold Pearl']",Walt Disney,"['Edward Brophy', 'Verna Felton', 'Cliff Edwards', 'Herman Bing', 'Sterling Holloway', 'Margaret Wright', 'Hall Johnson Choir']","['Frank Churchill', 'Oliver Wallace']","$950,000","['Joe Grant', 'Dick Huemer']",John McLeish,,,,,,,
6,Bambi,Walt Disney Productions,RKO Radio Pictures,"['August 9, 1942 (World Premiere – London)', 'August 13, 1942 (Premiere – New York City)', 'August 21, 1942 (U.S.)']",70 minutes,United States,English,$267.4 million,70.0,267.4,858.0,1942-08-09,91.0,91,7.3,"['Supervising director', 'David Hand', 'Sequence directors', 'James Algar', 'Samuel Armstrong', 'Graham Heid', 'Bill Roberts', 'Paul Satterfield', 'Norman Wright']",,"['Bambi, a Life in the Woods', 'by', 'Felix Salten']",Walt Disney,see below,"['Frank Churchill', 'Edward H. Plumb']","$858,000","['Story direction', 'Perce Pearce', 'Story adaptation', 'Larry Morey', 'Story development', 'Vernon Stallings', 'Melvin Shaw', 'Carl Fallberg', 'Chuck Couch', 'Ralph Wright']",,,,,,,,
7,Saludos Amigos,Walt Disney Productions,RKO Radio Pictures,"['August 24, 1942 (World Premiere – Rio de Janeiro)', 'February 6, 1943 (U.S. Premiere – Boston)', 'February 19, 1943 (U.S.)']",42 minutes,United States,,$1.135 million (worldwide rentals) ,42.0,1.135,,1942-08-24,79.0,60,6.1,"['Norman Ferguson', 'Wilfred Jackson', 'Jack Kinney', 'Hamilton Luske', 'Bill Roberts']",,,Walt Disney,"['Lee Blair', 'Mary Blair', 'Pinto Colvig', 'Walt Disney', 'Norman Ferguson', 'Frank Graham', 'Clarence Nash', 'José Oliveira', 'Frank Thomas']","['Paul Smith', 'Edward H. Plumb']",,"['Homer Brightman', 'William Cottrell', 'Richard Huemer', 'Joe Grant', 'Harold Reeves', 'Ted Sears', 'Webb Smith', 'Roy Williams', 'Ralph Wright']",Fred Shields,,,"['English', 'Portuguese', 'Spanish']",,,,
8,Victory Through Air Power,Walt Disney Productions,United Artists,"['July 17, 1943']",70 min,United States,English,"$799,000",70.0,799.0,788.0,1943-07-17,,N/A,6.6,"['Animated sequences:', 'James Algar', 'Clyde Geronimi', 'Jack Kinney', 'de Seversky scenes:', 'H.C. Potter']","['Story direction:', 'Perce Pearce', 'Story adaptation:', 'T. Hee', 'Erdman Penner', 'Bill Cottrell', 'James Brodero', 'George Stallings', 'Jose Rodriguez']",Victory Through Air Power by Maj. Alexander P. Seversky,Walt Disney,Alexander de Seversky,"['Edward H. Plumb', 'Paul J. Smith', 'Oliver Wallace']","$788,000",,Art Baker,Ray Rennahan,Jack Dennis,,,,,
9,The Three Caballeros,Walt Disney Productions,RKO Radio Pictures,"['December 21, 1944 (Mexico City)', 'February 3, 1945 (US)']",71 minutes,United States,,$3.355 million (worldwide rentals),71.0,3.355,,1944-12-21,83.0,85,6.3,"['Norman Ferguson', 'Clyde Geronimi', 'Jack Kinney', 'Bill Roberts', 'Harold Young']",,,Walt Disney,"['Clarence Nash', 'José Oliveira', 'Joaquin Garay']","['Edward H. Plumb', 'Paul J. Smith', 'Charles Wolcott']",,"['Homer Brightmen', 'Ernest Terrazas', 'Ted Sears', 'Bill Peet', 'Ralph Wright', 'Elmer Plummer', 'Roy Williams', 'William Cottrell', 'Del Connell', 'James Bodrero']",,,,"['English', 'Spanish', 'Portuguese']",,,,
10,Make Mine Music,Walt Disney Productions,"RKO Radio Pictures, Inc.","['April 20, 1946 (New York City premiere)', 'August 15, 1946 (U.S.)']",75 minutes,United States,English,$3.275 million (worldwide rentals),75.0,3.275,1.35,1946-04-20,64.0,60,6.2,"['Jack Kinney', 'Clyde Geronimi', 'Hamilton Luske', 'Joshua Meador', 'Robert Cormack']",,"['""', 'Casey at the Bat', '""', 'by', 'Ernest Thayer', 'Peter and the Wolf', 'by', 'Sergei Prokofiev']",Walt Disney,"Nelson Eddy
","['Eliot Daniel', 'Ken Darby', 'Charles Wolcott', 'Oliver Wallace', 'Edward Plumb']",$1.35 million,"['James Bodrero', 'Homer Brightman', 'Erwin Graham', 'Eric Gurney', 'T. Hee', 'Sylvia Holland', 'Dick Huemer', 'Dick Kelsey', 'Dick Kinney', 'Jesse Marsh', 'Tom Oreb', 'Cap Palmer', 'Erdman Penner', 'Dick Shaw', 'Harry Reeves', 'John Walbridge', 'Roy Williams']",,,,,,,,
11,Song of the South,Walt Disney Productions,RKO Radio Pictures,"['November 12, 1946 (Premiere: Atlanta, Georgia)', 'November 20, 1946', 'March 30, 1947 (Stanford theater, Palo Alto, California)']",94 minutes,United States,English,$65 million,94.0,65.0,2.125,1946-11-12,53.0,54,7.1,"['Live action:', 'Harve Foster', 'Animation:', 'Wilfred Jackson']",,"['Uncle Remus', 'by', 'Joel Chandler Harris']",Walt Disney,"['James Baskett', 'Bobby Driscoll', 'Luana Patten', 'Ruth Warrick', 'Hattie McDaniel']","['Edward Plumb', 'Daniele Amfitheatrof', 'Paul J. Smith', 'Charles Wolcott']",$2.125 million,,,Gregg Toland,William M. Morgan,,"['Live action:', 'Morton Grant', 'Maurice Rapf', 'Dalton S. Reymond', 'Animation:', 'Bill Peet', 'George Stallings', 'Ralph Wright']",,,
12,Fun and Fancy Free,Walt Disney Productions,RKO Radio Pictures,"['September 27, 1947']",73 minutes,United States,English,$3.165 million (worldwide rentals),73.0,3.165,,1947-09-27,67.0,66,6.4,"['Jack Kinney (animation)', 'Bill Roberts (animation)', 'Hamilton Luske (animation)', 'William Morgan']",,"['Sinclair Lewis ( Bongo )', 'Jack and the Beanstalk ( Mickey and the Beanstalk )']",Walt Disney,"['Cliff Edwards', 'Edgar Bergen', 'Luana Patten', 'Walt Disney', 'Clarence Nash', 'Pinto Colvig', 'Billy Gilbert', 'Anita Gordon']","['Oliver Wallace', 'Paul Smith', 'Eliot Daniel', 'Charles Wolcott']",,"['Homer Brightman', 'Eldon Dedini', 'Lance Nolley', 'Tom Oreb', 'Harry Reeves', 'Ted Sears']","['Dinah Shore ( Bongo )', 'Sterling Holloway ( Mickey and the Beanstalk )']",,Jack Bachom,,,,,
13,Melody Time,Walt Disney Productions,"RKO Radio Pictures, Inc.","May 27, 1948",75 minutes,United States,English,$2.56 million (worldwide rentals),75.0,2.56,1.5,1948-05-27,73.0,69,6.2,"['Jack Kinney', 'Clyde Geronimi', 'Hamilton Luske', 'Wilfred Jackson']","['Winston Hibler', 'Harry Reeves', 'Ken Anderson', 'Erdman Penner', 'Homer Brightman', 'Ted Sears', 'Joe Rinaldi', 'Bill Cottrell', 'Jesse Marsh', 'Art Scott', 'Bob Moore', 'John Walbridge']",,Walt Disney,"['Roy Rogers', 'Trigger', 'Dennis Day', 'The Andrews Sisters', 'Fred Waring and the Pennsylvanians', 'Freddy Martin', 'Ethel Smith', 'Frances Langford', 'Buddy Clark', 'Bob Nolan', 'Sons of the Pioneers', 'The Dinning Sisters', 'Bobby Driscoll', 'Luana Patten']","['Eliot Daniel', 'Paul J. Smith', 'Ken Darby']",$1.5 million,,,,"['Donald Halliday', 'Thomas Scott']",,,,,
14,So Dear to My Heart,Walt Disney Productions,"RKO Radio Pictures, Inc.","['November 29, 1948 (Chicago, Illinois)', 'January 19, 1949 (Indianapolis, Indiana)']",82 minutes,United States,English,"$3.7 million (U.S. rental) $575,000 (foreign rental) ",82.0,3.7,1.5,1948-11-29,,N/A,6.8,"['Harold D. Schuster', 'Hamilton Luske']","['Ken Anderson', 'John Tucker Battle', 'Marc Davis', 'Bill Peet', 'Maurice Rapf', 'Ted Sears']","['Midnight and Jeremiah', 'by', 'Sterling North']","['Walt Disney', 'Perce Pearce']","['Bobby Driscoll', 'Luana Patten', 'Beulah Bondi', 'Burl Ives']",Paul Smith,$1.5 million ,,,Winton C. Hoch,"['Lloyd L. Richardson', 'Thomas Scott']",,,,,
15,The Adventures of Ichabod and Mr. Toad,Walt Disney Productions,RKO Radio Pictures,"['October 5, 1949']",68 minutes,United States,English,$1.625 million (worldwide rentals),68.0,1.625,,1949-10-05,94.0,74,6.9,"['Jack Kinney', 'Clyde Geronimi', 'James Algar']",,"['The Wind in the Willows', 'by', 'Kenneth Grahame', 'The Legend of Sleepy Hollow', 'by', 'Washington Irving']",Walt Disney,"['Eric Blore', ""J. Pat O'Malley"", 'Colin Campbell', 'John McLeish', 'Campbell Grant', 'Claude Allister', 'Leslie Denison', 'Edmond Stevens', 'The Rhythmaires']",Oliver Wallace,,"['Erdman Penner', 'Winston Hibler', 'Joe Rinaldi', 'Ted Sears', 'Homer Brightman', 'Harry Reeves']","['Basil Rathbone ( The Wind in the Willows )', 'Bing Crosby ( The Legend of Sleepy Hollow )']",,John O. Young,,,,,
16,Cinderella,Walt Disney Productions,RKO Radio Pictures,"['February 15, 1950 (Boston)', 'March 4, 1950 (United States)']",74 minutes,United States,English,$182 million,74.0,182.0,2.2,1950-02-15,84.0,67,6.9,"['Wilfred Jackson', 'Hamilton Luske', 'Clyde Geronimi']",,"['Cinderella', 'by', 'Charles Perrault']",Walt Disney,"['Ilene Woods', 'Eleanor Audley', 'Verna Felton', 'Rhoda Williams', 'James MacDonald', 'Luis van Rooten', 'Don Barclay', 'Mike Douglas', 'William Phipps', 'Lucille Bliss']","['Oliver Wallace', 'Paul J. Smith']",$2.2 million,"['William Peet', 'Ted Sears', 'Homer Brightman', 'Kenneth Anderson', 'Erdman Penner', 'Winston Hibler', 'Harry Reeves', 'Joe Rinaldi']",Betty Lou Gerson,,Donald Halliday,,,,,
17,Treasure Island,RKO-Walt Disney British Productions,RKO Radio Pictures,"['June 22, 1950 (World Premiere-London)', 'July 30, 1950 (US)']",96 minutes,,English,"$4,100,000 (worldwide rentals) ",96.0,4.0,1.0,1950-06-22,,89,6.9,Byron Haskin,Lawrence Edward Watkin,"['Treasure Island', 'by', 'Robert Louis Stevenson']","['Walt Disney', 'Perce Pearce']","['Bobby Driscoll', 'Robert Newton', 'Basil Sydney', 'Finlay Currie']",Clifton Parker,"$1,800,000",,,Freddie Young,Alan Jaggs,,,"['United States', 'United Kingdom']",,
18,Alice in Wonderland,Walt Disney Productions,RKO Radio Pictures,"['July 26, 1951 (London, premiere)', 'July 28, 1951 (New York City, premiere)', 'September 14, 1951 (United States)']",75 minutes,United States,English,"['$2.4 million (1951, domestic)', '$3.5 million (1974, domestic)']",75.0,2.4,3.0,1951-07-26,51.0,53,6.4,"['Clyde Geronimi', 'Wilfred Jackson', 'Hamilton Luske']",,"[""Alice's Adventures in Wonderland"", 'and', 'Through the Looking-Glass', 'by', 'Lewis Carroll']",Walt Disney,"['Ed Wynn', 'Richard Haydn', 'Sterling Holloway', 'Jerry Colonna', 'Verna Felton', ""J. Pat O'Malley"", 'Bill Thompson', 'Joseph Kearns', 'Dink Trout', 'James MacDonald', 'Kathryn Beaumont']",Oliver Wallace,$3 million,"['Winston Hibler', 'Ted Sears', 'Bill Peet', 'Erdman Penner', 'Joe Rinaldi', 'Milt Banta', 'Bill Cottrell', 'Dick Kelsey', 'Joe Grant', 'Dick Huemer', 'Del Connell', 'Tom Oreb', 'John Walbridge']",,,Lloyd Richardson,,,,,
19,The Story of Robin Hood,RKO-Walt Disney British Productions,RKO Radio Pictures,"['13 March 1952 (Premiere-London)', '26 June 1952 (US)']",84 minutes,,English,$2.1 million (US rentals),84.0,2.1,,1952-03-13,,64,6.6,Ken Annakin,Lawrence Edward Watkin,,"['Perce Pearce', 'Walt Disney']","['Richard Todd', 'Joan Rice', 'Peter Finch']",Clifton Parker,,,,Guy Green,Gordon Pilkington,,,"['United States', 'United Kingdom']",,
20,Peter Pan,Walt Disney Productions,RKO Radio Pictures,"['February 5, 1953 (United States)']",77 minutes,United States,English,$87.4 million (United States and Canada),77.0,87.4,4.0,1953-02-05,79.0,76,7.3,"['Clyde Geronimi', 'Wilfred Jackson', 'Hamilton Luske']",,"['Peter and Wendy', 'by', 'J. M. Barrie']",Walt Disney,"['Bobby Driscoll', 'Kathryn Beaumont', 'Hans Conried', 'Paul Collins']",Oliver Wallace,$4 million,"['Milt Banta', 'Bill Cottrell', 'Winston Hibler', 'Bill Peet', 'Erdman Penner', 'Joe Rinaldi', 'Ted Sears', 'Ralph Wright']",Tom Conway,,,,,,,
21,The Sword and the Rose,RKO-Walt Disney British Productions,RKO Radio Pictures,"['July 23, 1953 (US)']",92 minutes,,English,$1 million (US),92.0,1.0,2.0,1953-07-23,,N/A,6.3,Ken Annakin,"['Lawrence Edward Watkin', '(screenplay)', 'Charles Major', '(novel ""When Knighthood was in Flower"")']",,"['Perce Pearce', 'Walt Disney']","['Glynis Johns', 'James Robertson Justice', 'Richard Todd', 'Michael Gough', 'Jane Barrett', 'Peter Copley', 'Ernest Jay', 'Jean Mercure', 'D. A. Clarke-Smith', 'Gérard Oury', 'Fernand Fabre', 'Gaston Richer', 'Rosalie Crutchley', 'Bryan Coleman']",Clifton Parker,$2 million,,,Geoffrey Unsworth,Gerald Thomas,,,"['United Kingdom', 'United States']",,
22,The Living Desert,Walt Disney Productions,Buena Vista Distribution,"['November 10, 1953']",69 minutes,United States,English,$2.6 million (US),69.0,2.6,300.0,1953-11-10,,69,7.4,James Algar,"['James Algar', 'Winston Hibler']",,"['Ben Sharpsteen', 'Walt Disney']",,Paul J. Smith,"$300,000",,Winston Hibler,"['Robert H. Crandall', 'N. Paul Kenworthy']",Norman R. Palmer,,,,,
23,Rob Roy: The Highland Rogue,RKO-Walt Disney British Productions,RKO Radio Pictures,"['26 October 1953 (Premiere- London )', '27 February 1954 ( US )']",81 minutes,,English,,81.0,,1.8,1953-10-26,,N/A,6.4,Harold French,Lawrence Edward Watkin,,"['Perce Pearce', 'Walt Disney']","['Richard Todd', 'Glynis Johns', 'James Robertson Justice', 'Michael Gough', 'Finlay Currie', 'Geoffrey Keen']",Cedric Thorpe Davie,$1.8 million,,,Guy Green,Geoffrey Foot,,,"['United Kingdom', 'United States']",,
24,The Vanishing Prairie,Walt Disney Productions,Buena Vista Film Distribution,"['August 17, 1954']","['60 minutes (VHS version)', '71 minutes (original)']",United States,English,$1.75 million (US and Canadian rentals),60.0,1.75,,1954-08-17,,N/A,7.3,James Algar,"['James Algar', 'Winston Hibler']",,"['Ben Sharpsteen', 'Walt Disney']",,Paul J. Smith,,,Winston Hibler,N. Paul Kenworthy,Lloyd L. Richardson,,,,,
25,"20,000 Leagues Under the Sea",Walt Disney Productions,Buena Vista Distribution,"['December 23, 1954']",127 minutes,United States,English,$28.2 million,127.0,28.2,5.0,1954-12-23,90.0,83,7.2,Richard Fleischer,,"['Twenty Thousand Leagues Under the Sea', 'by', 'Jules Verne']",Walt Disney ,"['Kirk Douglas', 'James Mason', 'Paul Lukas', 'Peter Lorre']","['Paul Smith', 'Joseph S. Dubin', '(orchestration)']",$5 million,,,Franz Planer,Elmo Williams,,Earl Felton,,,
26,Davy Crockett: King of the Wild Frontier,Walt Disney Productions,"Buena Vista Film Distribution Co., Inc.","May 25, 1955",93 minutes,United States,English,"$2,150,000 (US)",93.0,2.0,,1955-05-25,100.0,N/A,6.9,Norman Foster,Tom Blackburn,,Bill Walsh,"['Fess Parker', 'Buddy Ebsen']","['Thomas W. Blackburn (lyrics)', 'George Bruns', 'Edward H. Plumb (orchestration)']",,,,Charles P. Boyle,Chester W. Schaeffer,,,,,
27,Lady and the Tramp,Walt Disney Productions,Buena Vista Film Distribution,"['June 22, 1955']",76 minutes,United States,English,$187 million,76.0,187.0,4.0,1955-06-22,93.0,78,7.3,"['Clyde Geronimi', 'Wilfred Jackson', 'Hamilton Luske']",,"['""Happy Dan, The Cynical Dog""', 'by', 'Ward Greene']",Walt Disney,"['Barbara Luddy', 'Larry Roberts', 'Bill Thompson', 'Dallas McKennon', 'Bill Baucom', 'Verna Felton', 'Peggy Lee']",Oliver Wallace,$4 million,"['Erdman Penner', 'Joe Rinaldi', 'Ralph Wright', 'Don DaGradi', 'Joe Grant']",,,Don Halliday,,,,,
28,The African Lion,Walt Disney Productions,Buena Vista Distribution,"['September 14, 1955']",75 minutes,United States,English,$2.1 million (US),75.0,2.1,,1955-09-14,,N/A,7.2,James Algar,"['James Algar', 'Winston Hibler']",,Ben Sharpsteen,,Paul J. Smith,,,Winston Hibler,"['Alfred Milotte', 'Elma Milotte']",Norman R. Palmer,,,,,
29,The Littlest Outlaw,Walt Disney Productions,Buena Vista Distribution,"December 22, 1955",73 minutes,,,$1.6 million (US),73.0,1.6,,1955-12-22,85.0,N/A,6.1,Roberto Gavaldón,,,,"['Pedro Armendáriz', 'Joseph Calleia', 'Andrés Velázquez']",,,,,,,"English, Spanish",,"United States, Mexico",,
30,The Great Locomotive Chase,Walt Disney Productions,Buena Vista Distribution,"June 8, 1956",85 minutes,United States,English,$1.7 million (US),85.0,1.7,,1956-06-08,,N/A,6.9,Francis D. Lyon,Lawrence Edward Watkin,,"['Lawrence Edward Watkin', 'Walt Disney']","['Fess Parker', 'Jeffrey Hunter', 'John Lupton', 'Jeff York', 'Slim Pickens']",Paul J. Smith,,,,Charles Boyle,Ellsworth Hoagland,,,,,
31,Davy Crockett and the River Pirates,Walt Disney Productions,"Buena Vista Film Distribution Co., Inc.","July 18, 1956",81 minutes,United States,English,,81.0,,,1956-07-18,,N/A,6.6,Norman Foster,"['Tom Blackburn', 'Norman Foster']",,Bill Walsh,"['Fess Parker', 'Buddy Ebsen', 'Jeff York']","['Thomas W. Blackburn (lyrics)', 'George Bruns', 'Edward H. Plumb (orchestration)']",,,,,Stanley Johnson,,,,,
32,Secrets of Life,Walt Disney Productions,Buena Vista Distribution,"['September 4, 1956']",70 minutes,United States,English,,70.0,,,1956-09-04,,N/A,7.3,James Algar,James Algar,,Ben Sharpsteen,,Paul Smith,,,Winston Hibler,"['William A. Anderson', 'Arthur Carter', 'Jack Couffer', 'Robert H. Crandall', 'Murl Deusing', 'Fran William Hall', 'Claude Jendrusch', 'Stuart V. Jewell', 'George MacGinitie', 'Nettie MacGinitie', 'Tilden W. Roberts', 'Donald L. Sykes', 'Roman Vishniac']",Anthony Gerard,,,,,
33,Westward Ho the Wagons!,Walt Disney Productions,Buena Vista Distribution,"['December 20, 1956']",90 min.,United States,English,$2.75 million (US),90.0,2.75,,1956-12-20,,N/A,5.7,William Beaudine,,"['Children of the Covered Wagon', 'by', 'Mary Jane Carr']",Bill Walsh,"['Fess Parker', 'Kathleen Crowley', 'Jeff York', 'Sebastian Cabot', 'George Reeves', 'David Stollery']",George Bruns,,,,"Charles P. Boyle, A.S.C.","Cotton Warburton, A.C.E.",,Tom Blackburn,,,
34,Johnny Tremain,Walt Disney Productions,Buena Vista Distribution,"June 19, 1957",80 minutes,United States,English,,80.0,,700.0,1957-06-19,,N/A,6.5,Robert Stevenson,"['Esther Forbes', 'Tom Blackburn']",,Walt Disney,"['Hal Stalmaster', 'Luana Patten', 'Jeff York', 'Sebastian Cabot']","['George Bruns', 'Tom Blackburn (lyrics) Song ""Liberty Tree"" by George Bruns and Tom Blackburn']","$700,000",,,Charles P. Boyle,Stanley E. Johnson,,,,,
35,Perri,Walt Disney Productions,Buena Vista Distribution,"August 28, 1957",75 minutes,United States,English,$1.75 million (US rentals),75.0,1.75,,1957-08-28,,N/A,6.8,"['N. Paul Kenworthy', 'Ralph Wright']","['Ralph Wright', 'Winston Hibler', 'Felix Salten']",,Winston Hibler,,"['Score', ':', 'Paul J. Smith', 'Songs', ':', 'George Bruns', 'Winston Hibler', 'Ralph Wright', 'Paul J. Smith', 'Hazel ""Gil"" George', 'Song arrangements', ':', 'Carl Brandt', 'Orchestrations', ':', 'Carl Brandt', 'Franklyn Marks']",,,Winston Hibler,,Jack Atwood,,,,,
36,Old Yeller,Walt Disney Productions,Buena Vista Distribution,"['December 25, 1957']",83 minutes,United States,English,"$6,250,000 (U.S./Canada rentals)",83.0,6.0,,1957-12-25,100.0,84,7.3,Robert Stevenson,,"['Old Yeller', 'by', 'Fred Gipson']",Walt Disney,"['Dorothy McGuire', 'Fess Parker', 'Kevin Corcoran', 'Tommy Kirk', 'Spike']","['Oliver Wallace', 'Will Schaefer']",,,,Charles P. Boyle,Stanley E. Johnson,,"['Fred Gipson', 'William Tunberg']",,,
37,The Light in the Forest,Walt Disney Productions,Buena Vista Distribution,"['July 8, 1958']",83 minutes,United States,English,,83.0,,,1958-07-08,,N/A,6.4,Herschel Daugherty,Lawrence Edward Watkin,novel by Conrad Richter,Walt Disney,"['Fess Parker', 'Wendell Corey', 'Joanne Dru', 'James MacArthur', 'Jessica Tandy']","['Paul J. Smith', 'Franklyn Marks (orchestration)']",,,,Ellsworth Fredericks,,,,,,
38,White Wilderness,Walt Disney Productions,Buena Vista Distribution,"['August 12, 1958']",72 minutes,,English,$1.8 million (est. US/Canada rentals),72.0,1.8,,1958-08-12,,N/A,5.4,James Algar,James Algar,,"Ben Sharpsteen, Walt Disney",,Oliver Wallace,,,Winston Hibler,,Norman R. Palmer,,,"['United States', 'Canada']",,
39,Tonka,Walt Disney Productions,Buena Vista Distribution,"['December 25, 1958']",97 minutes,United States,English,$2.5 million (est. US/ Canada rentals),97.0,2.5,,1958-12-25,,N/A,6.4,Lewis R. Foster,"['David Appel', 'Lewis R. Foster', 'Lillie Hayward']","[""Comanche: Story of America's Most Heroic Horse"", 'by David Appel']","['James C. Pratt', 'John Lasseter']","['Sal Mineo', 'Philip Carey', 'Jerome Courtland', 'Rafael Campos']",Oliver Wallace,,,,Loyal Griggs,Ellsworth Hoagland,,,,Technicolor,
40,Sleeping Beauty,Walt Disney Productions,Buena Vista Distribution,"['January 29, 1959']",75 minutes,United States,English,$51.6 million (United States and Canada),75.0,51.6,6.0,1959-01-29,89.0,85,7.2,"['Clyde Geronimi', 'Eric Larson', 'Wolfgang Reitherman', 'Les Clark']",,Sleeping Beautyby Charles Perrault,Walt Disney,"['Mary Costa', 'Bill Shirley', 'Eleanor Audley', 'Verna Felton', 'Barbara Luddy', 'Barbara Jo Allen', 'Taylor Holmes', 'Bill Thompson']",George Bruns,$6 million,Erdman Penner,Marvin Miller,,"['Roy M. Brewer Jr.', 'Donald Halliday']",,,,,
41,The Shaggy Dog,Walt Disney Productions,Buena Vista Distribution,"['March 19, 1959']",104 minutes,United States,English,$12.3 million (US and Canada rentals),104.0,12.3,1.0,1959-03-19,26.0,43,4.4,Charles Barton,"['Lillie Hayward', 'Bill Walsh']","['The Hound of Florence', 'by', 'Felix Salten']","['Walt Disney', 'Bill Walsh']","['Fred MacMurray', 'Jean Hagen', 'Tommy Kirk', 'Annette Funicello', 'Tim Considine']",Paul J. Smith,"under $1 million or $1,250,000",,Paul Frees (opening only),Edward Colman,James Ballas,,,,,
42,Darby O'Gill and the Little People,Walt Disney Productions,Buena Vista Distribution,"['June 24, 1959 (Dublin)', 'June 26, 1959 (Los Angeles)']",93 minutes,United States,English,"['Original release', ':', '$2.6 million (est. US/ Canada rentals)', '1969 re-release', ':', '$2.3 million  (US/ Canada rentals)']",93.0,2.6,,1959-06-24,100.0,80,7.1,Robert Stevenson,"['H. T. Kavanagh', '(stories)', 'Lawrence Edward Watkin']",,"['Bill Anderson', 'Walt Disney']","['Albert Sharpe', 'Janet Munro', 'Sean Connery', ""Jimmy O'Dea"", 'Kieron Moore', 'Estelle Winwood', 'Walter Fitzgerald']",Oliver Wallace,,,,Winton Hoch,Stanley Johnson,,,,,
43,Third Man on the Mountain,Walt Disney Productions,Buena Vista Distribution,"['November 10, 1959']",105 minutes,United States,English,"$1,700,000 (US/Canada rentals)",105.0,1.0,2.0,1959-11-10,,N/A,7.1,Ken Annakin,Eleanore Griffin,"['Banner in the Sky', 'by', 'James Ramsey Ullman']","['Bill Anderson', 'Walt Disney']","['Michael Rennie', 'James MacArthur']",William Alwyn,$2 million,,,Harry Waxman,,,,,,
44,Toby Tyler or 10 Weeks with a Circus,Walt Disney Productions,Buena Vista Distribution,"January 21, 1960 (Sarasota, FL)",95 minutes,United States,English,"$3,100,000 (US/Canada rentals)",95.0,3.0,,1960-01-21,,N/A,N/A,Charles Barton,Lillie Hayward and Bill Walsh,"['Toby Tyler; or, Ten Weeks with a Circus', 'by', 'James Otis Kaler']",Bill Walsh,"['Kevin Corcoran', 'Henry Calvin', 'Gene Sheldon', 'Richard Eastham']",Buddy Baker,,,,,,,,,,
45,Kidnapped,Walt Disney Productions,Buena Vista Distribution,"['February 24, 1960']",97 minutes,United States,,,97.0,,,1960-02-24,44.0,49,6.4,Robert Stevenson,Robert Stevenson,"['Kidnapped', 'by', 'Robert Louis Stevenson']",Walt Disney,"['Peter Finch', 'James MacArthur', 'Bernard Lee']",Cedric Thorpe Davie,,,,Paul Beeson,Gordon Stone,"English, Scots",,,,
46,Pollyanna,Walt Disney Productions,Buena Vista Distribution,"May 19, 1960",134 minutes,United States,English,$3.75 million (US and Canadian rentals),134.0,3.75,2.5,1960-05-19,86.0,N/A,7.4,David Swift,,Pollyanna by Eleanor Porter,"['David Swift', 'Walt Disney', 'Associate Producer:', 'George Golitzen']","['Hayley Mills', 'Jane Wyman', 'Karl Malden', 'Richard Egan', 'Adolphe Menjou', 'Agnes Moorehead']",Paul Smith (Score),$2.5 million,,,Russell Harlan,Frank Gross,,David Swift,,,
47,Jungle Cat,Walt Disney Productions,Buena Vista Distribution,"['June 1960 ( Berlin )', 'August 10, 1960 (US)']",69 minutes,United States,English,$2.3 million (US and Canadian rentals),69.0,2.3,,,,N/A,7.2,James Algar,James Algar,,Ben Sharpsteen,,Oliver Wallace,,,Winston Hibler,"['Lloyd Beebe', 'James R. Simon', 'Hugh A. Wilmar']",Norman R. Palmer,,,,,
48,Ten Who Dared,Walt Disney Productions,Buena Vista Distribution,"['November 1, 1960']",92 minutes,United States,English,,92.0,,,1960-11-01,,N/A,5.5,William Beaudine,Lawrence Edward Watkin,"['journal', 'by', 'John Wesley Powell']","['Walt Disney', 'James Algar']","['Brian Keith', 'John Beal', 'James Drury']",Oliver Wallace,,,,Gordon Avil,"['Norman Palmer', 'Cotton Warburton']",,,,Technicolor,
49,Swiss Family Robinson,Walt Disney Productions,Buena Vista Distribution,"['December 21, 1960']",126 minutes,United States,English,$40 million,126.0,40.0,4.0,1960-12-21,83.0,61,7.1,Ken Annakin,Lowell S. Hawley,"['The Swiss Family Robinson', 'by', 'Johann David Wyss']","['Bill Anderson', 'Basil Keys', 'Walt Disney']","['John Mills', 'Dorothy McGuire', 'James MacArthur', 'Janet Munro', 'Sessue Hayakawa', 'Tommy Kirk', 'Kevin Corcoran', 'Cecil Parker']",William Alwyn,$4 million,,,Harry Waxman,Peter Boita,,,,,
50,101 Dalmatians,Walt Disney Productions,Buena Vista Distribution,"['January 25, 1961']",79 minutes,United States,English,$303 million,79.0,303.0,3.6,1961-01-25,41.0,49,5.7,"['Clyde Geronimi', 'Hamilton Luske', 'Wolfgang Reitherman']",,"['The Hundred and One Dalmatians', 'by', 'Dodie Smith']",Walt Disney,"['Rod Taylor', 'Cate Bauer', 'Betty Lou Gerson', 'Ben Wright', 'Bill Lee (singing voice)', 'Lisa Davis', 'Martha Wentworth']",George Bruns,$3.6 million,Bill Peet,,,"['Roy M. Brewer, Jr.', 'Donald Halliday']",,,,,
51,The Absent-Minded Professor,Walt Disney Productions,Buena Vista Distribution,"March 16, 1961",97 minutes,United States,English,$25.4 million,97.0,25.4,,1961-03-16,,N/A,N/A,Robert Stevenson,Bill Walsh,"['""A Situation of Gravity""', '1943 short story', 'by', 'Samuel W. Taylor']","['Walt Disney', 'Bill Walsh']","['Fred MacMurray', 'Nancy Olson', 'Keenan Wynn', 'Tommy Kirk', 'Leon Ames', 'Elliott Reid', 'Edward Andrews']",George Bruns,,,,Edward Colman,Cotton Warburton,,,,,
52,The Parent Trap,Walt Disney Productions,Buena Vista Distribution,"['June 21, 1961']",128 minutes,United States,English,$25.1 million,128.0,25.1,,1961-06-21,86.0,64,6.6,David Swift,David Swift,"['Lottie and Lisa', '1949 novel', 'by', 'Erich Kästner']","['Walt Disney', 'George Golitzen']","['Hayley Mills', ""Maureen O'Hara"", 'Brian Keith']","['Songs:', 'Score:', 'Paul Smith']",,,,Lucien Ballard,Philip W. Anderson,,,,,
53,Nikki: Wild Dog of the North,Walt Disney Productions,Buena Vista Distribution,"['July 12, 1961']",73 minutes,United States,English,,73.0,,,1961-07-12,,N/A,6.7,"['Jack Couffer', 'Don Haldane']",,"['Nomads of the North', 'by', 'James Oliver Curwood']",Winston Hibler,"['Jean Coutu', 'Émile Genest', 'Uriel Luft', 'Robert Rivard', 'Nikki', 'Jacques Fauteux']",Oliver Wallace,,Don Haldane,,"['William W. Bacon III', 'Lloyd Beebe', 'Jack Couffer', 'Ray Jewell', 'Donald Wilder']",Grant K. Smith,,Jack Couffer,,Technicolor,
54,Greyfriars Bobby,Walt Disney Productions,Buena Vista Distribution,"['July 17, 1961']",91 minutes,United States,English,,91.0,,,1961-07-17,100.0,N/A,7.2,Don Chaffey,Robert Westerby,"['Greyfriars Bobby', 'by', 'Eleanor Atkinson']","['Walt Disney', 'Hugh Attwooll']","['Donald Crisp', 'Laurence Naismith', 'Alex Mackenzie', 'Kay Walsh']",Francis Chagrin,,,,Paul Beeson,Peter Tanner,,,,,
55,Babes in Toyland,Walt Disney Productions,Buena Vista Distribution,"['December 14, 1961']",105 minutes,United States,English,$4.6 million (U.S./Canada rentals),105.0,4.6,3.0,1961-12-14,36.0,55,6.1,Jack Donohue,,"['Babes in Toyland', 'by', 'Victor Herbert', 'and', 'Glen MacDonough']",Walt Disney,"['Ray Bolger', 'Tommy Sands', 'Annette Funicello', 'Ed Wynn']","['Victor Herbert', 'George Bruns', 'Mel Leven (new lyrics)']",$3 million,,,Edward Colman,Robert Stafford,,"['Lowell S. Hawley', 'Ward Kimball', 'Joe Rinaldi']",,,
56,Moon Pilot,Walt Disney Productions,Buena Vista Distribution,"April 5, 1962",98 minutes,United States,English,$3.5 million,98.0,3.5,,1962-04-05,,N/A,5.4,James Neilson,Maurice Tombragel,"['Starfire', 'by', 'Robert Buckner']",Walt Disney,"['Tom Tryon', 'Brian Keith', ""Edmond O'Brien"", 'Dany Saval', 'Tommy Kirk']","['Paul J. Smith', 'Robert B. Sherman', 'Richard M. Sherman (songs)']",,,,William Snyder,Cotton Warburton,,,,,
57,Bon Voyage!,Walt Disney Productions,Buena Vista Distribution,"['May 17, 1962']",130 minutes,United States,English,$5 million (rentals),130.0,5.0,3.0,1962-05-17,,N/A,5.7,James Neilson,,"['Bon Voyage!', 'by', 'Joseph & Merrjane Hayes']",Walt Disney,"['Fred MacMurray', 'Jane Wyman', 'Deborah Walley', 'Tommy Kirk', 'Kevin Corcoran']",Paul Smith,$3 million,,,William Snyder,Cotton Warburton,,Bill Walsh,,,
58,Big Red,Walt Disney Productions,Buena Vista Distribution,"['June 6, 1962']",89 minutes,United States,English,,89.0,,,1962-06-06,,N/A,6.4,Norman Tokar,"['Jim Kjelgaard', '(novel)', 'Louis Pelletier']",,Walt Disney,"['Walter Pidgeon', 'Gilles Payant', 'Émile Genest']","['Songs:', 'Score:', 'Oliver Wallace']",,,,Edward Colman,Grant K. Smith,,,,,
59,Almost Angels,Walt Disney Productions,Buena Vista Distribution,"September 26, 1962",93 minutes,United States,English,,93.0,,,1962-09-26,,N/A,6.5,Steve Previn,"['Vernon Harris', 'Robert A. Stemmle']",,Walt Disney,,Heinz Schreiter,,,,,,,,,,
60,The Legend of Lobo,Walt Disney Productions,Buena Vista Distribution,"['November 7, 1962 (Los Angeles)']",67 minutes,United States,English,,67.0,,,1962-11-07,,N/A,6.8,"['James Algar', 'Jack Couffer']",Dwight Hauser and James Algar,"['""', 'Lobo the King of Currumpaw', '""', 'by', 'Ernest Thompson Seton']","['Walt Disney', 'James Algar', 'Jack Couffer']",,"['Oliver Wallace', '(score)', 'Richard M. Sherman', 'and', 'Robert B. Sherman', '(title song)', 'Sons of the Pioneers', '(title song performers)', 'Walter Sheets (orchestrator)']",,,Rex Allen,"['Lloyd Beebe', 'Jack Couffer']",Norman R. Palmer,,,,,
61,In Search of the Castaways,Walt Disney Productions,Buena Vista Distribution,"['November 14, 1962 (London, premiere)', 'December 19, 1962 (US)']",98 minutes,United States,English,"$21,745,500",98.0,21.0,,1962-11-14,,N/A,6.6,Robert Stevenson,,"['In Search of the Castaways', 'by', 'Jules Verne']",Walt Disney,"['Maurice Chevalier', 'Hayley Mills', 'George Sanders', 'Wilfrid Hyde-White', 'Michael Anderson', 'Keith Hamshere', 'Antonio Cifariello']","['Music Composed by:', 'Morton Gould', 'Additional Music by:', 'Van Cleave', 'Musical Director:', 'Jack Shaindlin', 'Songs:', 'Richard M. Sherman', 'Robert B. Sherman']",,,,Paul Beeson,Gordon Stone,,Lowell S. Hawley,,,
62,Son of Flubber,Walt Disney Productions,Buena Vista Distribution,"['January 16, 1963']",100 minutes,United States,English,$22.1 million,100.0,22.1,,1963-01-16,88.0,N/A,6.0,Robert Stevenson,"['Don DaGradi', 'Bill Walsh']",,"['Walt Disney', 'Bill Walsh']","['Fred MacMurray', 'Nancy Olson', 'Keenan Wynn', 'Ed Wynn']",George Bruns,,,,Edward Colman,Cotton Warburton,,,,,
63,Miracle of the White Stallions,Walt Disney Productions,Buena Vista Distribution,"['March 29, 1963 (U.S.)']",118 minutes,United States,English,"$2,550,000 (US/ Canada)",118.0,2.0,,1963-03-29,,N/A,6.5,Arthur Hiller,"['Alois Podhajsky', 'AJ Carothers']","['The Dancing White Horses of Vienna', 'by', 'Alois Podhajsky']","['Ron Miller', 'Walt Disney']","['Robert Taylor', 'Lilli Palmer']",Paul J. Smith,,,,Günther Anders,"['Alfred Srp', 'Cotton Warburton']",,,,,
64,Savage Sam,Walt Disney Productions,Buena Vista Distribution,"['June 1, 1963']",103 minutes,United States,English,"$3,000,000 (U.S./Canada)",103.0,3.0,,1963-06-01,50.0,N/A,6.1,Norman Tokar,"['Fred Gipson', 'William Turberg']","['Savage Sam', 'by', 'Fred Gipson']","['Bill Anderson', '(co-producer)']","['Brian Keith', 'Tommy Kirk', 'Kevin Corcoran']",Oliver Wallace,,,,Edward Colman,Grant K. Smith,,,,Technicolor,
65,Summer Magic,Walt Disney Productions,Buena Vista Distribution,"['July 7, 1963']",110 minutes,United States,English,"$4,350,000 (US/ Canada rentals) ",110.0,4.0,,1963-07-07,,N/A,6.9,James Neilson,Sally Benson,"[""Mother Carey's Chickens"", 'by', 'Kate Douglas Wiggin']","['Walt Disney', 'Ron Miller']","['Hayley Mills', 'Burl Ives', 'Dorothy McGuire', 'Deborah Walley', 'Eddie Hodges', 'Jimmy Mathers', 'Michael J. Pollard', 'Wendy Turner', 'Una Merkel']","['Songs:', 'Score:', 'Buddy Baker']",,,,William Snyder,Robert Stafford,,,,,
66,The Incredible Journey,Walt Disney Productions,Buena Vista Distribution,"November 20, 1963",80 min.,,English,$4.2 million (US/Canada) (rentals),80.0,4.2,,1963-11-20,89.0,87,7.0,Fletcher Markle,James Algar,"['The Incredible Journey', 'by', 'Sheila Burnford']","['James Algar', 'Walt Disney']","['Syn', 'Émile Genest', 'John Drainie', 'Tommy Tweed', 'Sandra Scott']",Oliver Wallace,,,Rex Allen,Kenneth Peach,Norman R. Palmer,,,"['United States', 'Canada']",,
67,The Sword in the Stone,Walt Disney Productions,Buena Vista Distribution,"['December 25, 1963']",74 minutes,United States,English,$22.2 million (United States and Canada),74.0,22.2,3.0,1963-12-25,66.0,61,7.1,"['Wolfgang Reitherman', 'Hamilton Luske (Uncredited)', 'Clyde Geronimi (earlier film clips)', 'David Hand (earlier film clips)']",,"['The Sword in the Stone', 'by', 'T. H. White']",Walt Disney,"['Rickie Sorensen', 'Karl Swenson', 'Junius Matthews', 'Sebastian Cabot', 'Norman Alden', 'Martha Wentworth']",George Bruns,$3 million,Bill Peet,,,Donald Halliday,,,,,
68,A Tiger Walks,Walt Disney Productions,Buena Vista Distribution,"['March 12, 1964']",91 minutes,United States,English,"est. $1,600,000 (US/ Canada)",91.0,1.0,,1964-03-12,,N/A,6.3,Norman Tokar,Lowell S. Hawley,A Tiger Walks by Ian Niall,"['Bill Anderson', 'Ron W. Miller']","['Brian Keith', 'Vera Miles', 'Pamela Franklin', 'Sabu', 'Edward Andrews', 'Una Merkel', 'Peter Brown']",Buddy Baker,,,,William E. Snyder,Grant K. Smith,,,,,
69,The Misadventures of Merlin Jones,Walt Disney Productions,Buena Vista Distribution,"['February 11, 1964 (Los Angeles)']",91 minutes,United States,English,"$4,000,000 (US/ Canada)",91.0,4.0,,1964-02-11,,N/A,6.4,Robert Stevenson,,,"['Walt Disney', 'Ron Miller']","['Tommy Kirk', 'Annette Funicello', 'Leon Ames']",Buddy Baker,,Bill Walsh,,Edward Colman,Cotton Warburton,,"['Tom August', 'Helen August']",,,
70,The Three Lives of Thomasina,Walt Disney Productions,Buena Vista Distribution,"['11 December 1963 ( New York City )', '4 June 1964 (U.S.)']",97 minutes,,,"$2,250,000 (US/ Canada)",97.0,2.0,,1963-12-11,,N/A,7.2,Don Chaffey,Robert Westerby,"['Thomasina, the Cat Who Thought She Was God', 'by', 'Paul Gallico']",['Ron Miller Walt Disney'],"['Patrick McGoohan', 'Karen Dotrice', 'Susan Hampshire', 'Matthew Garber']",Paul J. Smith,,,Elspeth March,Paul Beeson,Gordon Stone,"['English', 'Gaelic']",,"['United Kingdom', 'United States']",,
71,The Moon-Spinners,Walt Disney Productions,Buena Vista Distribution,"['July 2, 1964']",118 minutes,,English,"est. $3,500,000 (US/ Canada)",118.0,3.0,,1964-07-02,,N/A,6.6,James Neilson,Michael Dyne,"['The Moon-Spinners', 'by', 'Mary Stewart']","['Walt Disney', 'Ron Miller']","['Hayley Mills', 'Eli Wallach', 'Peter McEnery', 'Joan Greenwood', 'Irene Papas', 'Pola Negri']",Ron Grainer,,,,Paul Beeson,Gordon Stone,,,,,
72,Mary Poppins,Walt Disney Productions,"Buena Vista Distribution Company, Inc.","['August 27, 1964 (LA)', 'September 24, 1964 (NY)']",139 minutes,United States,English,$103.1 million,139.0,103.1,4.4,1964-08-27,96.0,88,7.8,Robert Stevenson,,"['Mary Poppins', 'by', 'P. L. Travers']",Walt Disney,"['Julie Andrews', 'Dick Van Dyke', 'David Tomlinson', 'Glynis Johns', 'Hermione Baddeley', 'Karen Dotrice', 'Matthew Garber', 'Elsa Lanchester', 'Arthur Treacher', 'Reginald Owen', 'Ed Wynn']",Irwin Kostal,$4.4–6 million,,,Edward Colman,Cotton Warburton,,"['Bill Walsh', 'Don DaGradi']",,,
73,Those Calloways,Walt Disney Productions,Buena Vista Distribution,"November 10, 1964",131 mins.,United States,English,"$3,500,000 (US/ Canada rentals)",131.0,3.0,,1964-11-10,,N/A,6.6,Norman Tokar,,"['Swiftwater', 'by', 'Paul Annixter']",,"['Brian Keith', 'Vera Miles', 'Brandon deWilde', 'Walter Brennan', 'Ed Wynn', 'Linda Evans']",Max Steiner,,,,Edward Colman,Grant K. Smith,,Louis Pelletier,,,
74,Emil and the Detectives,Walt Disney Productions,Buena Vista Distribution,"['December 18, 1964']",92 minutes,United States,English,"$1,275,000",92.0,1.0,,1964-12-18,,N/A,6.2,Peter Tewksbury,,"['Emil and the Detectives', 'by', 'Erich Kästner']",Walt Disney,"['Walter Slezak', 'Bryan Russell', 'Roger Mobley', 'Cindy Cassell']",Heinz Schreiter,,,,Günther Senftleben,Thomas Stanford,,A.J. Carothers,,,
75,The Monkey's Uncle,Walt Disney Productions,Buena Vista Distribution,"['August 18, 1965 (Los Angeles)']",87 minutes,United States,English,"$4,000,000 (US/Canada rentals)",87.0,4.0,,1965-08-18,,N/A,5.9,Robert Stevenson,"['Tom August', 'Helen August']",,"['Ron Miller', 'Walt Disney']","['Tommy Kirk', 'Annette Funicello', 'Leon Ames']",Buddy Baker,,,,Edward Colman,Cotton Warburton,,,,,
76,That Darn Cat!,Walt Disney Productions,Buena Vista Distribution,"['December 2, 1965']",116 minutes,United States,English,"$28,068,222",116.0,28.0,,1965-12-02,94.0,71,6.7,Robert Stevenson,,,"['Walt Disney', 'Bill Walsh', 'Ron W. Miller']","['Hayley Mills', 'Dean Jones', 'Dorothy Provine', 'Roddy McDowall', 'Neville Brand', 'Frank Gorshin']",Robert F. Brunner,,,,Edward Colman,Cotton Warburton,,"['Gordon Gordon', 'Mildred Gordon', 'Bill Walsh']",,,
77,The Ugly Dachshund,Walt Disney Productions,Buena Vista Distribution,"['February 4, 1966 (premiere)', 'February 16, 1966 (United States)']",93 minutes,United States,English,$6.2 million (est. US/ Canada rentals),93.0,6.2,,1966-02-04,,N/A,6.5,Norman Tokar,,"['The Ugly Dachshund', 'by', 'Gladys Bronwyn Stern']","['Walt Disney', 'Winston Hibler']","['Dean Jones', 'Suzanne Pleshette', 'Charlie Ruggles']",George Bruns,,,,Edward Colman,Robert Stafford,,Albert Aley,,,
78,"Lt. Robin Crusoe, U.S.N.",Walt Disney Productions,Buena Vista Distribution,"['June 25, 1966 (San Diego)', 'June 29, 1966 (U.S.)']",110 min.,United States,English,"$22,565,634",110.0,22.0,,1966-06-25,,N/A,6.0,Byron Paul,"['Walt Disney', 'Don DaGradi', 'Bill Walsh', 'Daniel Defoe', '(novel)']",,"['Ron W. Miller', 'Bill Walsh', 'Walt Disney (uncredited)']","['Dick Van Dyke', 'Nancy Kwan']",Robert F. Brunner,,,,William E. Snyder,Cotton Warburton,,,,,
79,The Fighting Prince of Donegal,Walt Disney Productions,Buena Vista Distribution,"October 1, 1966",110 min.,,English,,110.0,,,1966-10-01,,N/A,6.1,Michael O'Herlihy,"['Robert Westerby', ',', 'Robert T. Reilly']",,Walt Disney,"['Peter McEnery', ',', 'Susan Hampshire', ',', 'Tom Adams']",George Bruns,,,,Arthur Ibbetson,Peter Boita,,,"['United Kingdom', 'United States']",,
80,"Follow Me, Boys!",Walt Disney Productions,Buena Vista Distribution,"['December 1, 1966']",131 minutes,United States,English,"$16,207,116",131.0,16.0,,1966-12-01,,N/A,7.1,Norman Tokar,,"['God and My Country', '1954 novel', 'by', 'MacKinlay Kantor']","['Walt Disney', 'Winston Hibler']","['Fred MacMurray', 'Vera Miles', 'Lillian Gish', 'Charles Ruggles', 'Elliott Reid', 'Kurt Russell', 'Luana Patten', 'Ken Murray']","['George Bruns', 'Richard M. Sherman', 'Robert B. Sherman']",,,,Clifford Stine,Robert Stafford,,Louis Pelletier,,,
81,"Monkeys, Go Home!",Walt Disney Productions,Buena Vista Distribution,"['February 8, 1967 (San Francisco)']",101 minutes,United States,English,"$3,000,000 (US/ Canada)",101.0,3.0,,1967-02-08,,N/A,5.8,Andrew V. McLaglen,,,Walt Disney,"['Maurice Chevalier', 'Yvette Mimieux', 'Dean Jones']",Robert F. Brunner,,,,William E. Snyder,Marsh Hendry,,Maurice Tombragel,,,
82,The Adventures of Bullwhip Griffin,Walt Disney Productions,Buena Vista Distribution,"['June 15, 1967']",108 minutes,United States,English,"$1,900,000 (US/ Canada)",108.0,1.0,,1967-06-15,50.0,N/A,6.5,James Neilson,,"['By the Great Horn Spoon!', 'by', 'Sid Fleischman']",Walt Disney,"['Roddy McDowall', 'Suzanne Pleshette', 'Karl Malden']","['Richard M. Sherman', 'Robert B. Sherman', 'Mel Leven', 'George Bruns']",,,,Edward Colman,Marsh Hendry,,Lowell S. Hawley,,,
83,The Gnome-Mobile,Walt Disney Productions,Buena Vista Distribution,"['July 12, 1967']",84 minutes,United States,English,"$4,000,000 (US/ Canada)",84.0,4.0,,1967-07-12,,N/A,6.5,Robert Stevenson,Ellis Kadison,The Gnomobile novel by Upton Sinclair,"['James Algar', 'Walt Disney']","['Walter Brennan', 'Tom Lowell', 'Matthew Garber', 'Karen Dotrice', 'Ed Wynn', 'Richard Deacon', 'Sean McClory']",Buddy Baker,,,,Edward Colman,Norman R. Palmer,,,,,
84,The Jungle Book,Walt Disney Productions,Buena Vista Distribution,"['October 18, 1967']",78 minutes,United States,English,$378 million,78.0,378.0,4.0,1967-10-18,94.0,77,7.4,Wolfgang Reitherman,,"['The Jungle Book', 'by', 'Rudyard Kipling']",Walt Disney,"['Phil Harris', 'Sebastian Cabot', 'George Sanders', 'Sterling Holloway', 'John Abbott', 'Louis Prima', 'Bruce Reitherman']",George Bruns,$4 million,"['Larry Clemmons', 'Ralph Wright', 'Ken Anderson', 'Vance Gerry']",Sebastian Cabot,,"['Tom Acosta', 'Norman Carlisle']",,,,,
85,"Charlie, the Lonesome Cougar",Walt Disney Productions,Buena Vista Distribution,"['October 19, 1967']",75 minutes,United States,English,,75.0,,,1967-10-19,,N/A,6.8,Winston Hibler,Jack Speirs,,"['Walt Disney', 'Winston Hibler', 'Charles L. Draper']","['Ron Brown', 'Brian Russell', 'Linda Wallace', 'Jim Wilson', 'Clifford Peterson']","['Franklyn Marks', 'Speirs Marks']",,,Rex Allen,"['William Bacon III', 'Lloyd Beebe']",Gregg McLaughlin,,,,,
86,The Happiest Millionaire,Walt Disney Productions,Buena Vista Distribution,"['June 23, 1967', 'November 30, 1967']","['164 minutes', '(', 'Los Angeles', 'premiere)', '144 minutes', '(', 'New York City', 'premiere)', '118 minutes', '(General release)', '172 minutes', '(', ""Director's cut"", ')']",United States,English,$5 million (U.S./Canada rentals),164.0,5.0,5.0,1967-06-23,50.0,N/A,6.6,Norman Tokar,,"['My Philadelphia Father', 'by Cordelia Drexel Biddle']","['Walt Disney', 'Bill Anderson']","['Fred MacMurray', 'Tommy Steele', 'Greer Garson', 'Gladys Cooper', 'Geraldine Page', 'Hermione Baddeley', 'John Davidson', 'Lesley Ann Warren']",Jack Elliott,$5 million,A. J. Carothers,,Edward Colman,Cotton Warburton,,A. J. Carothers,,,
87,Blackbeard's Ghost,Walt Disney Productions,Buena Vista Distribution,"['February 8, 1968']",106 minutes,United States,English,"$21,540,050",106.0,21.0,,1968-02-08,82.0,71,6.8,Robert Stevenson,,"[""Blackbeard's Ghost"", '1965 novel', 'by', 'Ben Stahl']",Bill Walsh,"['Peter Ustinov', 'Dean Jones', 'Suzanne Pleshette']",Robert F. Brunner,,,,Edward Colman,Robert Stafford,,"['Don DaGradi', 'Bill Walsh']",,,
88,"The One and Only, Genuine, Original Family Band",Walt Disney Productions,Buena Vista Distribution,"['March 21, 1968 ( Radio City Music Hall )']",110 minutes,United States,English,"$2,250,000 (US/ Canada)",110.0,2.0,,1968-03-21,,N/A,6.3,Michael O'Herlihy,,"['The Family Band: from the Missouri to the Black Hills, 1881-1900', 'by Laura Bower Van Nuys']",Bill Anderson,"['Walter Brennan', 'Buddy Ebsen', 'Lesley Ann Warren', 'John Davidson']","['Songs:', 'Score:', 'Jack Elliott']",,"['Lowell S. Hawley', ""Michael O'Herlihy""]",,Frank V. Phillips,Cotton Warburton,,Lowell S. Hawley,,,
89,Never a Dull Moment,Walt Disney Productions,Buena Vista Distribution,"['June 26, 1968']",99 minutes,United States,English,"$4,150,000 (US/ Canada rentals)",99.0,4.0,,1968-06-26,,N/A,6.1,Jerry Paris,A. J. Carothers,"['John Godey', 'novels', 'by', 'Morton Freedgood']",Ron Miller,"['Dick Van Dyke', 'Edward G. Robinson', 'Dorothy Provine']",Robert F. Brunner,,,,William E. Snyder,Marsh Hendry,,,,,
90,The Horse in the Gray Flannel Suit,Walt Disney Productions,"Buena Vista Distribution Co., Inc.","['December 3, 1968']",113 mins.,United States,English,$3.3 million  (US/ Canada rentals),113.0,3.3,,1968-12-03,,N/A,6.2,Norman Tokar,"['Eric Hatch', '(book)', 'Louis Pelletier']",,Winston Hibler,"['Dean Jones', 'Diane Baker', 'Lloyd Bochner', 'Fred Clark', 'Morey Amsterdam', 'Kurt Russell', 'Ellen Janov']",George Bruns,,,,William E. Snyder,Robert Stafford,,,,,
91,The Love Bug,Walt Disney Productions,Buena Vista Distribution,"['December 24, 1968 (limited)', 'March 13, 1969 (wide)']",108 minutes,United States,English,$51.3 million ,108.0,51.3,5.0,1968-12-24,78.0,48,6.5,Robert Stevenson,,,Bill Walsh,"['Dean Jones', 'Michele Lee', 'David Tomlinson', 'Buddy Hackett']",George Bruns,$5 million,Gordon Buford,,Edward Colman,Cotton Warburton,,"['Bill Walsh', 'Don DaGradi']",,,
92,Smith!,Walt Disney Productions,Buena Vista Distribution,"['March 21, 1969']",102 minutes,United States,English,$1.3 million (US/ Canada rentals),102.0,1.3,,1969-03-21,,N/A,5.7,Michael O'Herlihy,,Breaking Smith's Quarter Horse by Paul St. Pierre,Bill Anderson,Glenn Ford,Robert F. Brunner,,,,Robert C. Moreno,Robert Stafford,,Louis Pelletier,,Technicolor,
93,Rascal,Walt Disney Productions,Buena Vista Distribution,"['June 11, 1969']",85 minutes,United States,English,,85.0,,,1969-06-11,,N/A,6.4,Norman Tokar,Harold Swanton,"['Rascal: A Memoir of a Better Era', 'by', 'Sterling North']",James Algar,"['Steve Forrest', 'Bill Mumy']",Buddy Baker,,,Walter Pidgeon,William E. Snyder,Norman R. Palmer,,,,,
94,The Computer Wore Tennis Shoes,Walt Disney Productions,Buena Vista Distribution,"['November 28, 1969']",91 minutes,United States,English,$5.5 million (US/ Canada rentals),91.0,5.5,,1969-11-28,50.0,54,6.0,Robert Butler,Joseph L. McEveety,,Bill Anderson,"['Kurt Russell', 'Cesar Romero', 'Joe Flynn', 'William Schallert', 'Alan Hewitt']",Robert F. Brunner,,,,Frank V. Phillips,Cotton Warburton,,,,,
95,King of the Grizzlies,Walt Disney Productions Robert Lawrence Productions,Buena Vista Distribution,"['February 11, 1970']",93 minutes,,English,,93.0,,,1970-02-11,,N/A,5.7,Ron Kelly,,"['The Biography of a Grizzly', 'by', 'Ernest Thompson Seton']",Winston Hibler,"['John Yesno', 'Chris Wiggins', 'Hugh Webster', 'Jack Van Evera']",Buddy Baker,,,Winston Hibler,Reginald H. Morris,G. Gregg McLaughlin,,"['Jack Speirs', 'Rod Peterson', 'Norman Wright']","['United States', 'Canada']",,
96,The Boatniks,Walt Disney Productions,Buena Vista Distribution,"July 1, 1970",100 minutes,United States,English,"$18,607,492",100.0,18.0,,1970-07-01,,N/A,5.5,Norman Tokar,Arthur Julian,,Ron Miller,"['Robert Morse', 'Stefanie Powers', 'Phil Silvers', 'Norman Fell', 'Mickey Shaughnessy', 'Wally Cox']","['Bruce Belland', 'Robert F. Brunner', 'Franklyn Marks']",,Mary Roth,,William E. Snyder,Cotton Warburton,,,,,
97,The Wild Country,Walt Disney Productions,Buena Vista Distribution,"['December 15, 1970', 'January 20, 1971']",100 minutes,United States,English,$4 million (rentals) (US/Canada),100.0,4.0,,1970-12-15,,N/A,6.3,Robert Totten,"['Calvin Clements Jr.', 'Paul Savage']",,Ron Miller,"['Steve Forrest', 'Vera Miles']",Robert F. Brunner,,,,Frank V. Phillips,Robert Stafford,,,,,
98,The Aristocats,Walt Disney Productions,Buena Vista Distribution,"['December 11, 1970 (premiere)', 'December 24, 1970 (United States)']",79 minutes,United States,English,$191 million,79.0,191.0,4.0,1970-12-11,64.0,66,7.1,Wolfgang Reitherman,,"['Tom McGowan', 'Tom Rowe']","['Winston Hibler', 'Wolfgang Reitherman']","['Phil Harris', 'Eva Gabor', 'Sterling Holloway', 'Scatman Crothers', 'Paul Winchell', 'Lord Tim Hudson', 'Thurl Ravenscroft', 'Dean Clark', 'Liz English', 'Gary Dubin']",George Bruns,$4 million,"['Ken Anderson', 'Larry Clemmons', 'Eric Cleworth', 'Vance Gerry', 'Julius Svendsen', 'Frank Thomas', 'Ralph Wright']",,,Tom Acosta,,,,,
99,The Barefoot Executive,Walt Disney Productions,Buena Vista Distribution,"March 17, 1971",96 minutes,United States,English,,96.0,,,1971-03-17,83.0,55,5.9,Robert Butler,,,Bill Anderson,"['Kurt Russell', 'Joe Flynn', 'Wally Cox', 'Heather North', 'John Ritter', 'Harry Morgan']","['Robert F. Brunner', 'Franklyn Marks', 'Bruce Belland']",,"['Lila Garrett', 'Bernie Kahn', 'Stewart C. Billett']",Kurt Russell,Charles F. Wheeler,Robert Stafford,,Joseph L. McEveety,,,
100,Scandalous John,Walt Disney Productions,Buena Vista Distribution,"June 22, 1971",113 minutes,United States,English,,113.0,,,1971-06-22,20.0,N/A,5.8,Robert Butler,Bill Walsh,,Bill Walsh,"['Brian Keith', 'Alfonso Arau', 'Michele Carey']",Rod McKuen,,,,Frank V. Phillips,Cotton Warburton,,,,,
101,The Million Dollar Duck,Walt Disney Productions,Buena Vista Distribution,"['June 30, 1971']",89 minutes,United States,English,$5.1 million (North America) (rentals),89.0,5.1,,1971-06-30,17.0,45,5.7,Vincent McEveety,,,Bill Anderson,"['Dean Jones', 'Sandy Duncan', 'Joe Flynn', 'Tony Roberts', 'James Gregory', 'Lee Montgomery']",Buddy Baker,,Ted Key,,William E. Snyder,Lloyd L. Richardson,,Roswell Rogers,,,
102,Bedknobs and Broomsticks,Walt Disney Productions,Buena Vista Distribution,"['October 7, 1971']","['117 minutes (1971 original version)', '139 minutes (1996 reconstruction version)']",United States,English,$17.9 million,117.0,17.9,6.3,1971-10-07,68.0,59,7.0,Robert Stevenson,,"['The Magic Bedknob', '&', 'Bonfires and Broomsticks', 'by', 'Mary Norton']",Bill Walsh,"['Angela Lansbury', 'David Tomlinson', 'John Ericson', 'Ian Weighill', ""Cindy O'Callaghan"", 'Roy Snart']",Irwin Kostal,$6.3 million,,,Frank V. Phillips,Cotton Warburton,,"['Bill Walsh', 'Don DaGradi']",,,
103,The Biscuit Eater,Walt Disney Productions,Buena Vista Distribution,"['March 22, 1972 (US)']",92 minutes,United States,English,,92.0,,,1972-03-22,,N/A,5.8,Vincent McEveety,,,Bill Anderson,"['Earl Holliman', 'Pat Crowley', 'Lew Ayres', 'Godfrey Cambridge']",Robert F. Brunner,,James Street,,Richard A. Kelley,Ray de Leuw,,Lawrence Edward Watkin,,,
104,"Now You See Him, Now You Don't",Walt Disney Productions,Buena Vista Distribution,"July 12, 1972",88 minutes,United States,English,"$4,610,000 (US/Canada) (rentals)",88.0,4.0,,1972-07-12,80.0,N/A,6.2,Robert Butler,,,Ron Miller,"['Kurt Russell', 'Cesar Romero', 'Joe Flynn', 'Jim Backus', 'William Windom']",Robert F. Brunner,,Robert L. King,,Frank V. Phillips,Cotton Warburton,,Joseph L. McEveety,,,
105,Napoleon and Samantha,Walt Disney Productions,Buena Vista Distribution,"['July 5, 1972']",92 minutes,United States,English,,92.0,,,1972-07-05,,N/A,6.1,Bernard McEveety,Stewart Raffill,,Winston Hibler,"['Johnny Whitaker', 'Jodie Foster', 'Michael Douglas']",Buddy Baker,,,,Monroe P. Askins,Robert Stafford,,,,,
106,"Run, Cougar, Run",Walt Disney Productions,Buena Vista Distribution,"['October 18, 1972']",87 minutes,United States,English,,87.0,,,1972-10-18,,N/A,6.3,Jerome Courtland,,"['The Mountain Lion', 'by Robert William Murphy']",James Algar,"['Stuart Whitman', 'Frank Aletter', 'Lonny Chapman', 'Douglas Fowley', 'Harry Carey, Jr.', 'Alfonso Arau']",Buddy Baker,,,Ian Tyson,William Cronjager,Gordon D. Brenner,,Louis Pelletier,,,
107,Snowball Express,Walt Disney Productions,Buena Vista Distribution,"['December 22, 1972']",93 minutes,United States,English,"$6,100,000 (US/ Canada rentals)",93.0,6.0,,1972-12-22,,N/A,6.3,Norman Tokar,"['Frankie O\'Rear (book ""Chateau Bon Vivant"")', 'John O\'Rear (book ""Chateau Bon Vivant"")', 'Don Tait', 'Jim Parker', 'Arnold Margolin']",,"['Ron Miller', 'Tom Leetch']","['Dean Jones', 'Nancy Olson', 'Harry Morgan', 'Keenan Wynn', 'Johnny Whitaker', 'Michael McGreevey', 'George Lindsey', 'Kathleen Cody', 'Mary Wickes']","['Robert F. Brunner', 'Evelyn Kennedy', 'Franklyn Marks']",,,,Frank V. Phillips,Robert Stafford,,,,,
108,The World's Greatest Athlete,Walt Disney Productions,Buena Vista Distribution,"February 1, 1973",93 minutes,United States,English,"$22,583,370",93.0,22.0,,1973-02-01,,N/A,5.7,Robert Scheerer,"['Dee Caruso', 'Gerald Gardner']",,Bill Walsh,"['John Amos', 'Roscoe Lee Browne', 'Tim Conway', 'Dayle Haddon', 'Jan-Michael Vincent']",Marvin Hamlisch,,,,Frank V. Phillips,,,,,,
109,Charley and the Angel,Walt Disney Productions,Buena Vista Distribution,"['March 23, 1973']",93 minutes,United States,English,,93.0,,,1973-03-23,,N/A,6.1,Vincent McEveety,"['Will Stanton', '(book author)', 'Roswell Rogers (film writer)']",,Bill Anderson,"['Fred MacMurray', 'Cloris Leachman', 'Harry Morgan', 'Kurt Russell']","['Paul J. Smith', 'Buddy Baker']",,,,Charles F. Wheeler,"['Bob Bring', 'Ray de Leuw']",,,,,
110,One Little Indian,Walt Disney Productions,Buena Vista Distribution,"['June 20, 1973']",90 Minutes,United States,English,$2 million,90.0,2.0,,1973-06-20,,N/A,6.1,Bernard McEveety,Harry Spalding,,Winston Hibler,"['James Garner', 'Vera Miles', 'Pat Hingle', ""Clay O'Brien"", 'John Doucette', 'Morgan Woodward', 'Andrew Prine']",Jerry Goldsmith,,,,Charles F. Wheeler,Robert Stafford,,,,,
111,Robin Hood,Walt Disney Productions,Buena Vista Distribution,"['November 8, 1973']",83 minutes,United States,English,$33 million,83.0,33.0,5.0,1973-11-08,43.0,53,6.6,Wolfgang Reitherman,,The legend of Robin Hood,Wolfgang Reitherman,"['Peter Ustinov', 'Phil Harris', 'Brian Bedford', 'Terry-Thomas', 'Roger Miller', 'Pat Buttram', 'George Lindsey', 'Andy Devine']",George Bruns,$5 million,"['Larry Clemmons', 'Ken Anderson', 'Vance Gerry', 'Frank Thomas', 'Eric Cleworth', 'Julius Svendsen', 'David Michener']",,,"['Tom Acosta', 'Jim Melton']",,,,,
112,Superdad,Walt Disney Productions,Buena Vista Distribution,"['December 14, 1973']",96 minutes,United States,English,$7 million (US/Canada rentals),96.0,7.0,,1973-12-14,,N/A,5.1,Vincent McEveety,"['Joseph L. McEveety', 'Harlan Ware']",,Bill Anderson,"['Bob Crane', 'Barbara Rush', 'Kurt Russell', 'Joe Flynn', 'Kathleen Cody']",Buddy Baker,,,,Andrew Jackson,Ray de Leuw,,,,,
113,Herbie Rides Again,Walt Disney Productions,Buena Vista Distribution,"['June 6, 1974']",88 minutes,United States,English,"['$38,229,000 (US/Canada gross)', '$30.8 million (worldwide rentals)']",88.0,38.0,,1974-06-06,83.0,49,5.7,Robert Stevenson,,"['Characters', 'by Gordon Buford']",Bill Walsh,"['Helen Hayes', 'Ken Berry', 'Stefanie Powers', 'Keenan Wynn', 'John McIntire']",George Bruns,,Gordon Buford,,Frank V. Phillips,Cotton Warburton,,Bill Walsh,,,
114,The Bears and I,Walt Disney Productions,Buena Vista Distribution,"['July 31, 1974']",89 minutes,United States,English,$4 million (rentals) (US/Canada),89.0,4.0,,1974-07-31,,N/A,6.2,Bernard McEveety,,"['The Bears and I', 'by Robert Franklin Leslie']",Winston Hibler,"['Patrick Wayne', 'Chief Dan George', 'Andrew Duggan', 'Michael Ansara', 'Robert Pine']",Buddy Baker,,,Jack Speirs,Ted D. Landon,G. Gregg McLaughlin,,John Whedon,,,
115,The Castaway Cowboy,Walt Disney Productions,Buena Vista Distribution,"['August 1, 1974']",91 minutes,United States,English,,91.0,,,1974-08-01,,N/A,5.8,Vincent McEveety,Don Tait,,"['Ron Miller', 'Winston Hibler']","['James Garner', 'Vera Miles', 'Eric Shea', 'Robert Culp']",Robert F. Brunner,,,,Andrew Jackson,Cotton Warburton,,,,,
116,The Island at the Top of the World,Walt Disney Productions,Buena Vista Distribution,"December 20, 1974 (with Winnie the Pooh and Tigger Too)",93 minutes,United States,,$10 million (US/Canada rentals),93.0,10.0,8.0,1974-12-20,44.0,N/A,6.2,Robert Stevenson,"['Ian Cameron', '(novel)', 'John Whedon', '(screenplay)']",,Winston Hibler,"['Donald Sinden', 'David Hartman', 'Jacques Marin', 'Mako', 'Agneta Eckemyr']",Maurice Jarre,$8 million,,,Frank V. Phillips,Robert Stafford,"['English', 'Swedish', 'Norwegian', 'Danish', 'Icelandic']",,,,
117,The Strongest Man in the World,Walt Disney Productions,Buena Vista Distribution,"['February 6, 1975']",92 minutes,United States,English,$6.6 million (US/Canada rentals),92.0,6.6,,1975-02-06,,63,5.9,Vincent McEveety,"['Joseph L. McEveety', 'Herman Groves']",,Bill Anderson,"['Kurt Russell', 'Joe Flynn', 'Eve Arden', 'Cesar Romero', 'Phil Silvers']",Robert F. Brunner,,,,Andrew Jackson,Cotton Warburton,,,,,
118,Escape to Witch Mountain,Walt Disney Productions,Buena Vista Distribution,"['March 21, 1975 (United States)']",97 minutes,United States,English,"$20,000,000",97.0,20.0,,1975-03-21,74.0,60,6.3,John Hough,,"['Escape to Witch Mountain', 'by', 'Alexander H. Key']","['Ron Miller', 'Jerome Courtland']","['Eddie Albert', 'Ray Milland', 'Donald Pleasence', 'Kim Richards', 'Ike Eisenmann']",Johnny Mandel,,,,"Frank V. Phillips, ASC",Robert Stafford,,Robert Malcolm Young,,,
119,The Apple Dumpling Gang,Walt Disney Productions,Buena Vista Distribution,"['July 1, 1975']",100 minutes,United States,English,"$36,853,000",100.0,36.0,,1975-07-01,56.0,59,6.4,Norman Tokar,Don Tait,,Bill Anderson,"['Bill Bixby', 'Susan Clark', 'Don Knotts', 'Tim Conway', 'David Wayne', 'Slim Pickens', 'Harry Morgan', 'John McGiver', ""Clay O'Brien"", 'Don Knight']",Buddy Baker,,,,Frank V. Phillips,Ray de Leuw,,,,,
120,One of Our Dinosaurs is Missing,Walt Disney Productions,Buena Vista Distribution,"['July 9, 1975']",100 minutes,,English,$5.5 million (North American rentals),100.0,5.5,,1975-07-09,,N/A,5.9,Robert Stevenson,Bill Walsh,The Great Dinosaur Robbery by ,Bill Walsh,"['Peter Ustinov', 'Helen Hayes', 'Clive Revill', 'Derek Nimmo']",Ron Goodwin,,,,Paul Beeson,Peter Boita,,,"['United Kingdom', 'United States']",,
121,The Best of Walt Disney's True-Life Adventures,Walt Disney Productions,Buena Vista Distribution,"['October 8, 1975']",89 minutes,United States,English,,89.0,,,1975-10-08,,N/A,7.1,,"['James Algar', 'Winston Hibler', 'Ted Sears']",,"['Ben Sharpsteen', 'James Algar']",,"['Paul Smith', 'Oliver Wallace', 'Buddy Baker']",,,Winston Hibler,"['Alfred G. Milotte', 'Elma Milotte', 'N. Paul Kenworthy', 'Robert H. Crandall', 'Hugh A. Wilmar', 'James R. Simon', 'Herb and Lois Crisler', 'Tom McHugh', 'Jack C. Couffer']","['Norman Palmer', 'Lloyd L. Richardson', 'Anthony Gerard', 'Gregg McLaughlin', 'Gordon Brenner']",,,,,
122,True-Life Adventures,Walt Disney Productions,"['RKO Radio Pictures', '(1948–1953)', 'Buena Vista Film Distribution Co, Inc.', '(1953–1960)']",['1948–1960'],,United States,English,,,,,,,N/A,7.1,,,,,Winston Hibler (narrator),"['Oliver Wallace', '(1–14)', 'Paul J. Smith', '(2–12)']",,,,"['Alfred Milotte (1–3)', 'Norman R. Palmer (2–12)', 'Herb Crisler (3)', 'Lois Crisler (3)']","['Anthony Gérard (1–11)', 'Norman R. Palmer (2–14)', 'Lloyd L. Richardson (6–9)', 'Jack Astwood (12)']",,,,,
123,Ride a Wild Pony,Walt Disney Productions,"['Buena Vista Distribution', '(US)', 'British Empire Films', '(Australia)']","December 25, 1975",91 minutes,,English,,91.0,,1.0,1975-12-25,,N/A,6.1,Don Chaffey,Rosemary Anne Sisson,"['A Sporting Proposition', '1973 novel', 'by', 'James Aldridge']",Jerome Courtland,"['Robert Bettles', 'Eva Griffith', 'Michael Craig']",John Addison,AU$1 million,,,Jack Cardiff,Mike Campbell,,,"['United States', 'Australia']",,
124,"No Deposit, No Return",Walt Disney Productions,Buena Vista Distribution,"['February 11, 1976 (Los Angeles)']",112 minutes,United States,English,,112.0,,,1976-02-11,,N/A,6.4,Norman Tokar,"['Arthur Alsberg', 'Don Nelson']",,Ron Miller,"['David Niven', 'Darren McGavin', 'Don Knotts', 'Herschel Bernardi', 'Charles Martin Smith', 'Barbara Feldon', 'Kim Richards', 'Brad Savage']",Buddy Baker,,,,Frank V. Phillips,Cotton Warburton,,,,,
125,Treasure of Matecumbe,Walt Disney Productions,Buena Vista Distribution,"['July 1, 1976']",115 minutes,United States,English,,115.0,,,1976-07-01,,N/A,6.1,Vincent McEveety,Don Tait,"['A Journey to Matecumbe', 'by', 'Robert Lewis Taylor']","['Bill Anderson', 'Ron Miller']","['Johnny Doran', 'Billy Atmore', 'Robert Foxworth', 'Joan Hackett', 'Peter Ustinov', 'Vic Morrow']",Buddy Baker,,,,Frank V. Phillips,Cotton Warburton,,,,,
126,Gus,Walt Disney Productions,Buena Vista Distribution,"['July 7, 1976']",95 minutes,United States,English,"$21,873,000",95.0,21.0,,1976-07-07,,52,5.7,Vincent McEveety,,,Ron Miller,"['Don Knotts', 'Edward Asner', 'Gary Grimes', 'Tim Conway', 'Harold Gould', 'Ronnie Schell', 'Tom Bosley', 'Louise Williams', 'Dick Butkus']",Robert F. Brunner,,Ted Key,,Frank Phillips,Robert Stafford,,"['Arthur Alsberg', 'Don Nelson']",,,
127,The Shaggy D.A.,Walt Disney Productions,Buena Vista Distribution,"['December 16, 1976']",91 min.,United States,English,$10.5 million (US and Canada rentals),91.0,10.5,,1976-12-16,50.0,60,5.8,Robert Stevenson,Don Tait,The Hound of Florence by Felix Salten,Bill Anderson,"['Dean Jones', 'Suzanne Pleshette', 'Tim Conway', 'Keenan Wynn']",Buddy Baker,,,,Frank V. Phillips,"['Bob Bring', 'Norman R. Palmer']",,,,,
128,Freaky Friday,Walt Disney Productions,Buena Vista Distribution,"['December 17, 1976']",97 minutes,United States,English,$36 million,97.0,36.0,5.0,1976-12-17,88.0,70,6.3,Gary Nelson,,"['Freaky Friday', 'by Mary Rodgers']",Ron Miller,"['Jodie Foster', 'Barbara Harris', 'John Astin']",Johnny Mandel,$5 million,,,Charles F. Wheeler,Cotton Warburton,,Mary Rodgers,,,
129,Escape from the Dark,Walt Disney Productions,Buena Vista Distribution,"['26 May 1976', '(UK)', '11 March 1977', '(US)']",104 minutes,,English,,104.0,,,1976-05-26,,N/A,N/A,Charles Jarrott,Rosemary Anne Sisson,,Ron Miller,"['Alastair Sim', 'Peter Barkworth', 'Maurice Colbourne', 'Susan Tebbs', 'Andrew Harrison', 'Chloe Franks']",Ron Goodwin,,"['Burt Kennedy', 'Rosemary Anne Sisson']",,Paul Beeson,Richard Marden,,,"['United Kingdom', 'United States']",,
130,The Many Adventures of,Walt Disney Productions,Buena Vista Distribution,"['March 11, 1977']",74 minutes,United States,English,,74.0,,,1977-03-11,100.0,N/A,7.5,"['John Lounsbery', 'Wolfgang Reitherman']",,"['Winnie-the-Pooh', 'by', 'A. A. Milne']",Wolfgang Reitherman,"['Sterling Holloway', 'John Fiedler', 'Junius Matthews', 'Paul Winchell', 'Howard Morris', 'Bruce Reitherman', 'Jon Walmsley', 'Timothy Turner']","['Richard M. Sherman', 'Robert B. Sherman', '(songs)', 'Buddy Baker', '(score)']",,"['Larry Clemmons', 'Ralph Wright', 'Vance Gerry', 'Xavier Atencio', 'Ken Anderson', 'Julius Svendsen', 'Ted Berman', 'Eric Cleworth']",Sebastian Cabot,,"['Tom Acosta', 'James Melton']",,,,,
131,A Tale of Two Critters,Walt Disney Productions,Buena Vista Distribution,"['June 20, 1977']",48 minutes,United States,English,,48.0,,,1977-06-20,,N/A,6.1,Jack Speirs,,,Jack Speirs,,Buddy Baker,,,Mayf Nutter,,G. Gregg McLaughlin,,Jack Speirs,,,
132,The Rescuers,Walt Disney Productions,Buena Vista Distribution,"['June 22, 1977']",77 minutes,United States,English,$169 million,77.0,169.0,7.5,1977-06-22,81.0,74,6.9,"['Wolfgang Reitherman', 'John Lounsbery', 'Art Stevens']",,"['The Rescuers', 'and', 'Miss Bianca', 'by', 'Margery Sharp']","['Wolfgang Reitherman', 'Ron W. Miller']","['Bob Newhart', 'Eva Gabor', 'Joe Flynn', 'Geraldine Page']",Artie Butler,$7.5 million,"['Larry Clemmons', 'Vance Gerry', 'Ken Anderson', 'Frank Thomas', 'Burny Mattinson', 'Fred Lucky', 'Dick Sebast', 'David Michener', 'Ted Berman']",,,"['Jim Koford', 'James Melton']",,,,,
133,Herbie Goes to Monte Carlo,Walt Disney Productions,Buena Vista Distribution,"['June 24, 1977']",104 minutes,United States,English,$29 million,104.0,29.0,,1977-06-24,60.0,38,5.6,Vincent McEveety,"['Arthur Alsberg', 'Don Nelson']","['Characters', 'by Gordon Buford']",Ron Miller,"['Dean Jones', 'Don Knotts', 'Julie Sommars', 'Jacques Marin', 'Roy Kinnear', 'Bernard Fox', 'Eric Braeden', 'Xavier Saint-Macary', 'Johnny Haymer']",Frank De Vol,,,,Leonard J. South,Cotton Warburton,,,,,
134,Pete's Dragon,Walt Disney Productions,Buena Vista Distribution,"['November 3, 1977']",128 minutes,United States,English,$36–39.6 million,128.0,36.0,10.0,1977-11-03,88.0,71,6.7,Don Chaffey,,,"['Jerome Courtland', 'Ron W. Miller']","['Helen Reddy', 'Jim Dale', 'Mickey Rooney', 'Red Buttons', 'Jeff Conaway', 'Shelley Winters', 'Jane Kean', 'Jim Backus', 'Sean Marshall', 'Charlie Callas']",Irwin Kostal,$10 million,"['Seton I. Miller', 'S. S. Field']",,Frank Phillips,Gordon D. Brenner,,Malcolm Marmorstein,,,
135,Candleshoe,Walt Disney Productions,Buena Vista Distribution,"December 16, 1977",101 minutes,United States,English,,101.0,,,1977-12-16,,68,6.7,Norman Tokar,"['David Swift', 'Rosemary Anne Sisson']",Christmas at Candleshoe by Michael Innes,Ron Miller,"['Jodie Foster', 'David Niven', 'Helen Hayes', 'Leo McKern']",Ron Goodwin,,,,Paul Beeson,Peter Boita,,,,,
136,Return from Witch Mountain,Walt Disney Productions,Buena Vista Distribution,"['March 10, 1978']",94 minutes,United States,English,,94.0,,,1978-03-10,45.0,51,5.7,John Hough,Malcolm Marmorstein,Characters created by Alexander Key,"['Ron Miller', 'Jerome Courtland']","['Bette Davis', 'Christopher Lee', 'Kim Richards', 'Ike Eisenmann', 'Jack Soo', 'Anthony James']",Lalo Schifrin,,,,Frank V. Phillips,Bob Bring,,,,,
137,The Cat from Outer Space,Walt Disney Productions,Buena Vista Distribution,"['June 30, 1978 (New York)']",104 minutes,United States,English,,104.0,,3.5,1978-06-30,67.0,58,6.0,Norman Tokar,Ted Key,,Ron Miller,"['Ken Berry', 'Sandy Duncan', 'Harry Morgan', 'Ronnie Schell', 'Roddy McDowall', 'McLean Stevenson']",Lalo Schifrin,$3.5 to 4 million,,,Charles F. Wheeler,Cotton Warburton,,,,,
138,Hot Lead and Cold Feet,Walt Disney Productions,Buena Vista Distribution,"July 5, 1978",90 minutes,United States,English,,90.0,,,1978-07-05,,N/A,6.0,Robert Butler,"['Joe McEveety', 'Arthur Alsberg', 'Don Nelson']",,Ron Miller,"['Jim Dale', 'Karen Valentine', 'Don Knotts', 'Jack Elam', 'Darren McGavin']","['Buddy Baker', 'Joseph Dubin', '(orchestration)']",,Rod Piffath,,Frank V. Phillips,Ray de Leuw,,,,,
139,The North Avenue Irregulars,Walt Disney Productions,Buena Vista Distribution,"February 9, 1979",100 minutes,United States,English,,100.0,,,1979-02-09,78.0,N/A,6.8,Bruce Bilson,Don Tait,,Ron Miller,"['Edward Herrmann', 'Barbara Harris', 'Susan Clark', 'Karen Valentine', 'Michael Constantine', 'Cloris Leachman', 'Steve Franken', 'Patsy Kelly', 'Douglas Fowley', 'Virginia Capers', 'Ruth Buzzi']","['Richard Bowden', 'Robert F. Brunner']",,,,Leonard J. South,Gordon D. Brenner,,,,,
140,The Apple Dumpling Gang Rides Again,Walt Disney Productions,Buena Vista Distribution,"['June 27, 1979']",88 minutes,United States,English,"$20,931,111",88.0,20.0,,1979-06-27,,37,6.0,Vincent McEveety,Don Tait,,"['Tom Leetch', 'Ron W. Miller']","['Tim Conway', 'Don Knotts', 'Tim Matheson', 'Kenneth Mars', 'Jack Elam']","['Paul J. Smith', 'Buddy Baker', 'Joseph S. Dubin', '(orchestration)']",,,,Frank V. Phillips,Gordon Brenner,,,,,
141,Unidentified Flying Oddball,Walt Disney Productions,Buena Vista Distribution,"['July 19, 1979 (London)', 'August 3, 1979 (Los Angeles)']",93 minutes,,English,$4.475 million (US/Canada rentals),93.0,4.475,5.25,1979-07-19,,66,5.1,Russ Mayberry,Don Tait,A Connecticut Yankee in King Arthur's Court novel by Mark Twain,Ron Miller,"['Dennis Dugan', 'Jim Dale', 'Ron Moody', 'Kenneth More', 'John Le Mesurier']",Ron Goodwin,$5.25 million,,,Paul Beeson,Peter Boita,,,"['United Kingdom', 'United States']",,
142,The Black Hole,Walt Disney Productions,Buena Vista Distribution,"['December 18, 1979 (United Kingdom)', 'December 21, 1979 (United States)']",98 minutes,United States,English,['$35.8 million'],98.0,35.8,20.0,1979-12-18,39.0,52,5.9,Gary Nelson,,,Ron Miller,"['Maximilian Schell', 'Anthony Perkins', 'Robert Forster', 'Joseph Bottoms', 'Yvette Mimieux', 'Ernest Borgnine', 'Roddy McDowall', 'Slim Pickens', 'Tom McLoughlin']",John Barry,$20 million,"['Jeb Rosebrook', 'Bob Barbash', 'Richard Landau']",,Frank Phillips,Gregg McLaughlin,,"['Gerry Day', 'Jeb Rosebrook']",,,
143,Midnight Madness,Walt Disney Productions,Buena Vista Distribution,"['February 8, 1980']",112 minutes,United States,English,$2.9 million,112.0,2.9,,1980-02-08,,28,6.3,"['Michael Nankin', 'David Wechter']","['Michael Nankin', 'David Wechter']",,Ron Miller,"['David Naughton', 'Michael J. Fox', 'Stephen Furst', 'Maggie Roswell', 'Eddie Deezen', 'Dirk Blocker', 'Debra Clinger', 'Brad Wilkin']",Julius Wechter,,,,Frank V. Phillips,"['Norman R. Palmer', 'Jack Sekely']",,,,,
144,The Watcher in the Woods,Walt Disney Productions,Buena Vista Distribution,"['April 17, 1980 (New York City)', 'October 9, 1981 (U.S.)']",84 minutes,United States,English,$5 million,84.0,5.0,9.0,1980-04-17,52.0,N/A,6.1,"['John Hough', 'Vincent McEveety (uncredited)']",,"['A Watcher in the Woods', 'by', 'Florence Engel Randall']",Ron Miller,"['Bette Davis', 'Carroll Baker', 'David McCallum', 'Lynn-Holly Johnson', 'Kyle Richards']",Stanley Myers,$9 million,,,Alan Hume,Geoffrey Foot,,"['Brian Clemens', 'Harry Spalding', 'Rosemary Anne Sisson']",,,
145,Herbie Goes Bananas,Walt Disney Productions,Buena Vista Distribution,"['June 27, 1980']",97 minutes,United States,English,$18 million,97.0,18.0,,1980-06-27,40.0,55,4.9,Vincent McEveety,Don Tait,"['Characters', 'by Gordon Buford']","['Kevin Corcoran', 'Ron Miller', 'Don Tait']","['Cloris Leachman', 'Charles Martin Smith', 'Stephan W. Burns', 'John Vernon', 'Elyssa Davalos', 'Joaquin Garay III', 'Harvey Korman', 'Richard Jaeckel', 'Alex Rocco']",Frank De Vol,,,,Frank V. Phillips,Gordon D. Brenner,,,,,
146,The Last Flight of Noah's Ark,Walt Disney Productions,Buena Vista Distribution,"['July 9, 1980 (Los Angeles)']",97 minutes,United States,English,$11 million,97.0,11.0,6.0,1980-07-09,40.0,N/A,5.7,Charles Jarrott,"['Steven W. Carabatsos', 'Sandy Glass', 'George Arthur Bloom']","['""The Gremlin\'s Castle""', 'by', 'Ernest K. Gann']","['Ron Miller', 'Jan Williams']","['Elliott Gould', 'Geneviève Bujold', 'Ricky Schroder']",Maurice Jarre,$6-8 million,,,Charles F. Wheeler,Gordon D. Brenner,,,,,
147,Popeye,,"['Paramount Pictures (North America)', '(North America)', 'Buena Vista International Distribution (International)', '(International)']","['December 6, 1980 ( Los Angeles )', 'December 12, 1980 ( United States )']",114 minutes,United States,English,$60 million,114.0,60.0,20.0,1980-12-06,63.0,64,5.3,Robert Altman,,"['Popeye', 'by', 'E. C. Segar']",Robert Evans,"['Robin Williams', 'Shelley Duvall']",Harry Nilsson,$20 million,,,Giuseppe Rotunno,"['Tony Lombardo (supervising)', 'John W. Holmes', 'David A. Simmons']",,Jules Feiffer,,,"['Paramount Pictures', 'Walt Disney Productions', 'Robert Evans Productions']"
148,The Devil and Max Devlin,Walt Disney Productions,Buena Vista Distribution,"February 11, 1981 (Los Angeles)",96 minutes,United States,English,$16 million (USA),96.0,16.0,,1981-02-11,18.0,N/A,5.0,Steven Hilliard Stern,Mary Rodgers,,Jerome Courtland,"['Elliott Gould', 'Bill Cosby', 'Susan Anspach', 'Adam Rich', 'Julie Budd', 'Sonny Shroyer', 'David Knell', 'Chuck Shamata']","['Buddy Baker', 'Joseph S. Dubin', '(orchestration)']",,"['Mary Rodgers', 'Jimmy Sangster']",,Howard Schwartz,Ray de Leuw,,,,,
149,Amy,Walt Disney Productions,Buena Vista Distribution,"March 20, 1981",97 minutes,United States,English,,97.0,,,1981-03-20,95.0,85,7.8,Vincent McEveety,Noreen Stone,,Jerome Courtland,"['Jenny Agutter', 'Barry Newman', 'Kathleen Nolan', 'Chris Robinson', 'Lou Fant', ""Margaret O'Brien"", 'Nanette Fabray']",Robert F. Brunner,,,,Leonard J. South,Gregg McLaughlin,,,,,
150,Dragonslayer,,"['Paramount Pictures', 'Buena Vista International Distribution']","['June 26, 1981']",109 minutes,United States,English,$14.1 million,109.0,14.1,18.0,1981-06-26,82.0,68,6.6,Matthew Robbins,"['Hal Barwood', 'Matthew Robbins']",,"['Hal Barwood', 'Howard W. Koch']","['Peter MacNicol', 'Caitlin Clarke', 'Ralph Richardson', 'John Hallam', 'Peter Eyre', 'Sydney Bromley', 'Chloe Salaman', 'Ian McDiarmid']",Alex North,$18 million,,,Derek Vanlint,Tony Lawson,,,,,"['Paramount Pictures', 'Walt Disney Productions']"
151,The Fox and the Hound,Walt Disney Productions,Buena Vista Distribution,"['July 10, 1981']",83 minutes,United States,English,$63.5 million,83.0,63.5,12.0,1981-07-10,70.0,65,7.2,"['Ted Berman', 'Richard Rich', 'Art Stevens']",,"['The Fox and the Hound', 'by', 'Daniel P. Mannix']","['Ron Miller', 'Wolfgang Reitherman', 'Art Stevens']","['Mickey Rooney', 'Kurt Russell', 'Pearl Bailey', 'Jack Albertson', 'Sandy Duncan', 'Jeanette Nolan', 'Pat Buttram', 'John Fiedler', 'John McIntire', 'Dick Bakalyan', 'Paul Winchell', 'Keith Mitchell', 'Corey Feldman']",Buddy Baker,$12 million,"['Larry Clemmons', 'Ted Berman', 'David Michener', 'Peter Young', 'Burny Mattinson', 'Steve Hulett', 'Earl Kress', 'Vance Gerry']",,,"['James Melton', 'Jim Koford']",,,,,
152,Condorman,Walt Disney Productions,Buena Vista Distribution,"['August 7, 1981']",90 minutes,United States,English,,90.0,,14.0,1981-08-07,27.0,46,5.7,Charles Jarrott,,"['The Game of X', 'by', 'Robert Sheckley']",Jan Williams,"['Michael Crawford', 'Oliver Reed', 'Barbara Carrera', 'James Hampton', 'Jean-Pierre Kalfon', 'Dana Elcar']",Henry Mancini,$14 million,,,Charles F. Wheeler,Gordon D. Brenner,,Marc Stirdivant,,,
153,Night Crossing,Walt Disney Productions,Buena Vista Distribution,"['February 5, 1982']",107 minutes,,English,$8 million,107.0,8.0,,1982-02-05,80.0,N/A,6.5,Delbert Mann,John McGreevey,,Tom Leetch,"['John Hurt', 'Jane Alexander', ""Glynnis O'Connor"", 'Doug McKeon', 'Beau Bridges', 'Ian Bannen']",Jerry Goldsmith,,,,Tony Imi,Gordon D. Brenner,,,"['United Kingdom', 'United States']",,
154,Tron,,Buena Vista Distribution,"['July 9, 1982']",96 minutes,United States,English,$50 million,96.0,50.0,17.0,1982-07-09,71.0,58,6.7,Steven Lisberger,,,Donald Kushner,"['Jeff Bridges', 'Bruce Boxleitner', 'David Warner', 'Cindy Morgan', 'Barnard Hughes']",Wendy Carlos,$17 million,"['Steven Lisberger', 'Bonnie MacBird']",,Bruce Logan,Jeff Gourson,,Steven Lisberger,,,"['Walt Disney Productions', 'Lisberger-Kushner Productions']"
155,Tex,Walt Disney Productions,Buena Vista Distribution,"July 30, 1982",103 minutes,United States,English,$7.4 million,103.0,7.4,5.0,1982-07-30,85.0,78,6.5,Tim Hunter,,"['Tex', 'by', 'S. E. Hinton']","['Tim Zinnemann', 'Ron Miller']","['Matt Dillon', 'Jim Metzler', 'Meg Tilly', 'Bill McKinney', 'Ben Johnson']",Pino Donaggio,$5 million,,,Ric Waite,Howard E. Smith,,"['Charles S. Haas', 'Tim Hunter']",,,
156,Trenchcoat,Walt Disney Productions ,Buena Vista Distribution,"['March 11, 1983']",91 min,United States,English,"$4,304,286 (US)",91.0,4.0,,1983-03-11,,N/A,5.3,Michael Tuchner,"['Jeffrey Price', 'Peter S. Seaman']",,Jerry Leider,"['Margot Kidder', 'Robert Hays', 'David Suchet', 'Gila von Weitershausen', 'Ronald Lacey']",Charles Fox,unknown,,,Tonino Delli Colli,Frank J. Urioste,,,,,
157,Something Wicked This Way Comes,,Buena Vista Distribution,"['April 29, 1983 (United States)']",95 minutes,United States,English,$8.4 million,95.0,8.4,20.0,1983-04-29,61.0,N/A,6.7,Jack Clayton,Ray Bradbury,"['Something Wicked This Way Comes', 'by Ray Bradbury']",Peter Douglas,"['Jason Robards', 'Jonathan Pryce', 'Diane Ladd', 'Pam Grier']",James Horner,$20 million,,,Stephen H. Burum,"['Barry Mark Gordon', 'Art J. Nelson']",,,,,"['Walt Disney Productions', 'The Bryna Company']"
158,Never Cry Wolf,,Buena Vista Distribution,"['October 7, 1983 (limited)', 'January 27, 1984 (release)']",105 minutes,United States,,$27.6 million,105.0,27.6,11.0,1983-10-07,100.0,N/A,7.5,Carroll Ballard,,"['The autobiography', 'by', 'Farley Mowat']","['Lewis Allen', 'Jack Couffer', 'Joseph Strick']","['Charles Martin Smith', 'Brian Dennehy']",Mark Isham,$11 million,,,Hiro Narita,"['Michael Chandler', 'Peter Parasheles']","['English', 'Inuktitut']","['Curtis Hanson', 'Sam Hamm', 'Richard Kletter']",,,"['Walt Disney Pictures', 'Amarok Productions Ltd.']"
159,Return to Oz,,Buena Vista Distribution,"['June 21, 1985 (United States)']",113 minutes,,English,$11.1 million (USA),113.0,11.1,28.0,1985-06-21,54.0,42,6.7,Walter Murch,,"['The Marvelous Land of Oz', 'and', 'Ozma of Oz', 'by', 'L. Frank Baum']",Paul Maslansky,"['Nicol Williamson', 'Jean Marsh', 'Piper Laurie', 'Fairuza Balk']",David Shire,$28 million,,,"['David Watkin', 'Freddie Francis', '(uncredited)']",Leslie Hodgson,,"['Walter Murch', 'Gill Dennis']","['United States', 'United Kingdom']",,"['Walt Disney Pictures', 'Silver Screen Partners']"
160,The Black Cauldron,,Buena Vista Distribution,"['July 24, 1985']",80 minutes,United States,English,$21.3 million,80.0,21.3,44.0,1985-07-24,55.0,59,6.4,"['Ted Berman', 'Richard Rich']",,"['The Book of Three and', 'The Black Cauldron by', 'Lloyd Alexander']","['Joe Hale', 'Ron Miller']","['Grant Bardsley', 'Susan Sheridan', 'Freddie Jones', 'Nigel Hawthorne', 'Arthur Malet', 'John Byner', 'Phil Fondacaro', 'John Hurt']",Elmer Bernstein,$44 million,"['Ted Berman', 'Vance Gerry', 'Joe Hale', 'David Jonas', 'Roy Morita', 'Richard Rich', 'Art Stevens', 'Al Wilson', 'Peter Young']",John Huston,,"['James Melton', 'Jim Koford', 'Armetta Jackson', 'Jeffrey Katzenberg']",,,,,"['Walt Disney Pictures', 'Walt Disney Productions', 'Silver Screen Partners II']"
161,The Journey of Natty Gann,,Buena Vista Distribution,"['September 27, 1985']",101 minutes,United States,English,$9.7 million (U.S. and Canada only),101.0,9.7,,1985-09-27,91.0,66,7.0,Jeremy Kagan,Jeanne Rosenberg,,Mike Lobell,"['Meredith Salenger', 'John Cusack', 'Ray Wise']",James Horner,,,,Dick Bush,David Holden,,,,,"['Walt Disney Pictures', 'Silver Screen Partners II']"
162,One Magic Christmas,,Buena Vista Distribution,"['November 22, 1985']",90 minutes,,English,$13 million ,90.0,13.0,,1985-11-22,47.0,N/A,6.4,Phillip Borsos,,,Peter O'Brian,"['Mary Steenburgen', 'Gary Basaraba', 'Michelle Meyrink', 'Elisabeth Harnois', 'Arthur Hill', 'Harry Dean Stanton']",Michael Conway Baker,,"['Thomas Meehan', 'Phillip Borsos', 'Barry Healey']",,Frank Tidy,Sidney Wolinsky,,Thomas Meehan,"['United States', 'Canada']",,"['Walt Disney Pictures', 'Silver Screen Partners II', 'Telefilm Canada']"
163,The Great Mouse Detective,,Buena Vista Distribution,"['July 2, 1986']",74 minutes,United States,English,$38.7 million,74.0,38.7,14.0,1986-07-02,80.0,73,7.2,"['John Musker', 'Ron Clements', 'Dave Michener', 'Burny Mattinson']",,"['Eve Titus', 'Paul Galdone']",Burny Mattinson,"['Vincent Price', 'Barrie Ingham', 'Val Bettin', 'Susanne Pollatschek', 'Candy Candido', 'Diana Chesney', 'Eve Brenner', 'Alan Young']",Henry Mancini,$14 million,"['Pete Young', 'Vance Gerry', 'Steve Hulett', 'Ron Clements', 'John Musker', 'Bruce M. Morris', ""Matthew O'Callaghan"", 'Burny Mattinson', 'Dave Michener', 'Melvin Shaw']",,,,,,,,"['Walt Disney Pictures', 'Walt Disney Feature Animation', 'Silver Screen Partners II']"
164,Flight of the Navigator,,"['Buena Vista Pictures', '(United States)', 'PSO Productions', '(International)']","['August 1, 1986']",90 minutes,United States,English,"$18,564,613",90.0,18.0,9.0,1986-08-01,84.0,64,6.9,Randal Kleiser,,,"['Dimitri Villard', 'Robert Wald']","['Joey Cramer', 'Sarah Jessica Parker']",Alan Silvestri,$9 million,Mark H. Baker,,"['James Glennon', 'Eric McGraw (uncredited)']","['Jeff Gourson', 'Janice Parker']",,"['Michael Burton', 'Matt MacManus']",,,"['Walt Disney Pictures', 'PSO Productions', 'Viking Film AS']"
165,Benji the Hunted,,Buena Vista Distribution,"['June 5, 1987']",89 minutes,United States,English,$22.3 million,89.0,22.3,,1987-06-05,55.0,53,6.2,Joe Camp,Joe Camp,,Ben Vaughn,"['Red Steagall', 'Frank Inn', 'Nancy Francis']","['Betty Box', 'Euel Box']",,,,Don Reddy,Karen Thorndike,,,,,"['Walt Disney Pictures', 'Mulberry Square Productions', 'Silver Screen Partners III']"
166,The Man from Snowy River II,,"['Hoyts Distribution', 'Buena Vista Pictures Distribution']","['24 March 1988 (Australia)', '15 April 1988 (United States)']",110 minutes,Australia,English,"$13,687,027",110.0,13.0,8.7,1988-03-24,,N/A,N/A,Geoff Burrowes,"['Banjo Paterson', '(poem)', 'Geoff Burrowes', '(story)', 'John Dixon']",,Geoff Burrowes,"['Tom Burlinson', 'Sigrid Thornton', 'Brian Dennehy', 'Nicholas Eadie', 'Bryan Marshall', 'Mark Hembrow']",Bruce Rowland,A$8.7 million,,,Keith Wagstaff,Gary Woodyard,,,,,"['Walt Disney Pictures', 'Silver Screen Partners III', 'Burrowes Film Group', 'The Hoyts Group']"
167,Oliver & Company,,Buena Vista Pictures Distribution,"['November 18, 1988']",74 minutes,United States,English,>$121 million,74.0,121.0,31.0,1988-11-18,50.0,58,6.6,George Scribner,,"['Oliver Twist', 'by', 'Charles Dickens']",,"['Joey Lawrence', 'Billy Joel', 'Natalie Gregory', 'Cheech Marin', 'Bette Midler', 'Robert Loggia', 'Richard Mulligan', 'Roscoe Lee Browne', 'Sheryl Lee Ralph']",J. A. C. Redford,$31 million,"['Vance Gerry', 'Mike Gabriel', 'Joe Ranft', 'Jim Mitchell', 'Chris Bailey', 'Kirk Wise', 'Dave Michener', 'Roger Allers', 'Gary Trousdale', 'Kevin Lima', 'Michael Cedeno', 'Pete Young', 'Leon Joosen']",,,,,"['Jim Cox', 'Timothy J. Disney', 'James Mangold']",,,"['Walt Disney Pictures', 'Walt Disney Feature Animation', 'Silver Screen Partners III']"
168,"Honey, I Shrunk the Kids",,Buena Vista Pictures Distribution,"['June 23, 1989']",93 minutes,United States,English,$222.7 million,93.0,222.7,18.0,1989-06-23,77.0,63,6.4,Joe Johnston,,,Penney Finkelman Cox,"['Rick Moranis', 'Matt Frewer', 'Marcia Strassman', 'Kristine Sutherland']",James Horner,$18 million,"['Stuart Gordon', 'Brian Yuzna', 'Ed Naha']",,Hiro Narita,Michael A. Stevenson,,"['Ed Naha', 'Tom Schulman']",,,"['Walt Disney Pictures', 'Silver Screen Partners III']"
169,Cheetah,,Buena Vista Pictures,"August 18, 1989",84 minutes,United States,English,"$8,153,677 (United States)",84.0,8.0,5.0,1989-08-18,50.0,N/A,5.9,Jeff Blyth,,"['The Cheetahs', 'by', 'Alan Caillou']","['Roy E. Disney', 'Robert Halmi, Sr.']","['Keith Coogan', 'Lucy Deakins', 'Collin Mothupi']",Bruce Rowland,$5 million,John Cotter,,Thomas Burstyn,Eric Albertson,,"['Erik Tarloff', 'John Cotter', 'Griff Du Rhone']",,,"['Walt Disney Pictures', 'Silver Screen Partners III']"
170,The Little Mermaid,,Buena Vista Pictures Distribution,"['November 17, 1989']",83 minutes,United States,English,,83.0,,40.0,1989-11-17,93.0,88,7.6,"['John Musker', 'Ron Clements']","['John Musker', 'Ron Clements']","['The Little Mermaid', 'by', 'Hans Christian Andersen']","['Howard Ashman', 'John Musker']","['Jodi Benson', 'Christopher Daniel Barnes', 'Pat Carroll', 'Kenneth Mars', 'Samuel E. Wright', 'Jason Marin', 'Buddy Hackett']",Alan Menken,$40 million,,,,Mark Hester,,,,,"['Walt Disney Pictures', 'Walt Disney Feature Animation', 'Silver Screen Partners IV']"
171,DuckTales the Movie: Treasure of the Lost Lamp,,Buena Vista Pictures Distribution,"['August 3, 1990']",74 minutes,United States,English,$18.1 million,74.0,18.1,20.0,1990-08-03,88.0,N/A,6.8,Bob Hathcock,,"['DuckTales', 'by', 'Jymn Magon']","['Bob Hathcock', 'Jean-Pierre Quenet']","['Alan Young', 'Terrence McGovern', 'Russi Taylor', 'Richard Libertini', 'Christopher Lloyd', 'June Foray', 'Chuck McCann', 'Joan Gerber', 'Rip Taylor']",David Newman,$20 million,,,,Charles King,,Alan Burnett,,,"['Walt Disney Pictures', 'Disney MovieToons', 'Walt Disney Animation France']"
172,The Rescuers Down Under,,Buena Vista Pictures Distribution,"['November 16, 1990']",77 minutes,United States,English,$47.4 million,77.0,47.4,,1990-11-16,71.0,70,6.8,"['Hendel Butoy', 'Mike Gabriel']",,"['Characters', 'by', 'Margery Sharp']",Thomas Schumacher,"['Bob Newhart', 'Eva Gabor', 'John Candy', 'Adam Ryen', 'George C. Scott', 'Tristan Rogers']",Bruce Broughton,,,,,Michael Kelly,,"['Jim Cox', 'Karey Kirkpatrick', 'Byron Simpson', 'Joe Ranft']",,,"['Walt Disney Pictures', 'Walt Disney Feature Animation', 'Silver Screen Partners IV']"
173,White Fang,,Buena Vista Pictures,"['January 18, 1991']",107 minutes,United States,English,$34.8 million,107.0,34.8,14.0,1991-01-18,65.0,62,6.7,Randal Kleiser,,"['White Fang', 'by', 'Jack London']",Markay Powell,"['Klaus Maria Brandauer', 'Ethan Hawke', 'Seymour Cassel', 'James Remar', 'Susan Hogan']","['Basil Poledouris', 'Hans Zimmer', '(additional music)']",$14 million,,,Tony Pierce-Roberts,Lisa Day,,"['Jeanne Rosenberg', 'Nick Thiel', 'David Fallon']",,,"['Walt Disney Pictures', 'Silver Screen Partners IV']"
174,Shipwrecked,,Buena Vista Pictures,['3 October 1990'],93 minutes,,,$15.1 million,93.0,15.1,8.7,1990-10-03,,N/A,6.6,Nils Gaup,"['O.V. Falck-Ytter', '(novel)', 'Nils Gaup', 'Bob Foss', 'Greg Dinner', 'Nick Thiel']",,"['John M. Jacobsen', 'Nigel Wooll']","['Stian Smestad', 'Gabriel Byrne']",Patrick Doyle,60 million Norwegian Kroner (around $8.7 million in 1989),,,Erling Thurmann-Andersen,Nils Pagh Andersen,"['Norwegian', 'English']",,"['Norway', 'Sweden', 'United States']",,"['Walt Disney Pictures', 'AB Svensk Filmindustri']"
175,Wild Hearts Can't Be Broken,Walt Disney Pictures,Buena Vista Pictures,"['May 24, 1991']",88 minutes,United States,English,$7.3 million,88.0,7.3,,1991-05-24,73.0,N/A,7.2,Steve Miner,"['Matt Williams', 'Oley Sassone']","['A Girl and Five Brave Horses', 'by', 'Sonora Webster Carver']",Matt Williams,"['Gabrielle Anwar', 'Michael Schoeffling', 'Cliff Robertson']",Mason Daring,,,,Daryn Okada,Jon Poll,,,,,
176,The Rocketeer,,Buena Vista Pictures Distribution,"['June 21, 1991']",108 minutes,United States,English,$46.7 million(USA),108.0,46.7,35.0,1991-06-21,66.0,61,6.5,Joe Johnston,,"['The Rocketeer', 'by', 'Dave Stevens']","['Charles Gordon', 'Lawrence Gordon', 'Lloyd Levin']","['Bill Campbell', 'Alan Arkin', 'Jennifer Connelly', 'Paul Sorvino', 'Timothy Dalton']",James Horner,$35-40 million,"['Danny Bilson', 'Paul De Meo', 'William Dear']",,Hiro Narita,"['Michael A. Stevenson', 'Arthur Schmidt']",,"['Danny Bilson', 'Paul De Meo']",,,"['Walt Disney Pictures', 'Touchstone Pictures', 'Silver Screen Partners IV', 'Gordon Company']"
177,Beauty and the Beast,,Buena Vista Pictures Distribution,"['September 29, 1991 ( NYFF )', 'November 13, 1991 (United States)']",84 minutes,United States,English,$440.1 million,84.0,440.1,25.0,1991-09-29,94.0,95,8.1,"['Gary Trousdale', 'Kirk Wise']",,"['Beauty and the Beast', 'by', 'Jeanne-Marie Leprince de Beaumont']",Don Hahn,"[""Paige O'Hara"", 'Robby Benson', 'Richard White', 'Jerry Orbach', 'David Ogden Stiers', 'Angela Lansbury', 'Rex Everhart', 'Jesse Corti']",Alan Menken,$25 million,"['Brenda Chapman', 'Chris Sanders', 'Burny Mattinson', 'Kevin Harkey', 'Brian Pimental', 'Bruce Woodside', 'Joe Ranft', 'Tom Ellery', 'Kelly Asbury', 'Robert Lence']",,,John Carnochan,,Linda Woolverton,,,"['Walt Disney Pictures', 'Walt Disney Feature Animation', 'Silver Screen Partners IV']"
178,Newsies,,Buena Vista Pictures Distribution,"['April 10, 1992']",121 minutes,United States,English,$2.8 million,121.0,2.8,15.0,1992-04-10,39.0,46,6.9,Kenny Ortega,"['Bob Tzudiker', 'Noni White']",,Michael Finnell,"['Christian Bale', 'Bill Pullman', 'Ann-Margret', 'Robert Duvall']","['Alan Menken', 'J. A. C. Redford']",$15 million,,,Andrew Laszlo,William H. Reynolds,,,,,"['Walt Disney Pictures', 'Touchwood Pacific Partners I']"
179,"Honey, I Blew Up the Kid",,Buena Vista Pictures,"['July 17, 1992']",89 minutes,United States,English,$96 million,89.0,96.0,32.0,1992-07-17,40.0,50,4.8,Randal Kleiser,,"['Stuart Gordon', 'Brian Yuzna', 'Ed Naha']","['Dawn Steel', 'Edward S. Feldman']","['Rick Moranis', 'Marcia Strassman', 'Lloyd Bridges', 'Robert Oliveri', 'John Shea']",Bruce Broughton,$32 million,Garry Goodrow,,John Hora,"['Michael A. Stevenson', 'Harry Hitner']",,"['Garry Goodrow', 'Thom Eberhardt', 'Peter Elbling']",,,"['Walt Disney Pictures', 'Touchwood Pacific Partners']"
180,The Mighty Ducks,,Buena Vista Pictures,"['October 2, 1992']",104 minutes,United States,English,$50.8 million,104.0,50.8,14.0,1992-10-02,21.0,46,6.5,Stephen Herek,Steven Brill,,"['Jon Avnet', 'Jordan Kerner']","['Emilio Estevez', 'Joss Ackland', 'Lane Smith', 'Jussie Smollett']",David Newman,$14 million,,,Thomas Del Ruth,"['Larry Brock', 'John F. Link']",,,,,"['Walt Disney Pictures', 'Avnet– Kerner Productions', 'Touchwood Pacific Partners']"
181,Aladdin,,Buena Vista Pictures,"['November 11, 1992']",90 minutes,United States,English,$504.1 million,90.0,504.1,28.0,1992-11-11,95.0,86,8.0,"['John Musker', 'Ron Clements']",,Aladdin and the Magic Lamp from One Thousand and One Nights,"['John Musker', 'Ron Clements']","['Scott Weinger', 'Robin Williams', 'Linda Larkin', 'Jonathan Freeman', 'Frank Welker', 'Gilbert Gottfried', 'Douglas Seale']",Alan Menken,$28 million,"['Burny Mattinson', 'Roger Allers', 'Daan Jippes', 'Kevin Harkey', 'Sue Nichols', 'Francis Glebas', 'Darrell Rooney', 'Larry Leker', 'James Fujii', 'Kirk Hanson', 'Kevin Lima', 'Rebecca Rees', 'David S. Smith', 'Chris Sanders', 'Brian Pimental', 'Patrick A. Ventura']",,,H. Lee Peterson,,"['Ron Clements', 'John Musker', 'Ted Elliott', 'Terry Rossio']",,,"['Walt Disney Pictures', 'Walt Disney Feature Animation']"
182,The Muppet Christmas Carol,,Buena Vista Pictures Distribution,"['December 11, 1992']",86 minutes,United States,English,$27.2 million,86.0,27.2,12.0,1992-12-11,75.0,64,7.7,Brian Henson,,"['A Christmas Carol', 'by', 'Charles Dickens', 'The Muppets', 'by', 'Jim Henson']","['Brian Henson', 'Martin G. Baker']","['Michael Caine', 'Dave Goelz', 'Steve Whitmire', 'Frank Oz', 'Jerry Nelson']",Miles Goodman,$12 million,,,John Fenner,Michael Jablow,,Jerry Juhl,,,"['Walt Disney Pictures', 'Jim Henson Productions']"
183,Homeward Bound: The Incredible Journey,Walt Disney Pictures,Buena Vista Pictures,"February 3, 1993",84 minutes,United States,English,$57 million,84.0,57.0,,1993-02-03,87.0,N/A,6.9,Duwayne Dunham,,"['The Incredible Journey', 'by', 'Sheila Burnford']","['Jeffrey Chernov', 'Franklin R. Levy']","['Michael J. Fox', 'Don Ameche', 'Sally Field', 'Robert Hays', 'Kim Greist', 'Veronica Lauren', 'Kevin Chevalia', 'Benj Thall']",Bruce Broughton,,,,Reed Smoot,Jonathan P. Shaw,,"['Caroline Thompson', 'Linda Woolverton', 'Jonathan Roberts', '(', ')']",,,
184,A Far Off Place,,Buena Vista Pictures,"['March 12, 1993']",108 minutes,United States,English,$12.9 million,108.0,12.9,,1993-03-12,45.0,N/A,6.5,Mikael Salomon,,"['A Story Like the Wind', 'and', 'A Far Off Place', 'by', 'Laurens van der Post']","['Eva Monley', 'Elaine Sperber']","['Reese Witherspoon', 'Ethan Randall', 'Jack Thompson', 'Maximilian Schell']",James Horner,,,,Juan Ruiz Anchía,Ray Lovejoy,,"['Robert Caswell', 'Jonathan Hensleigh', 'Sally Robinson']",,,"['Walt Disney Pictures', 'Amblin Entertainment', 'Touchwood Pacific Partners']"
185,The Adventures of Huck Finn,Walt Disney Pictures,Buena Vista Pictures,"['April 2, 1993']",107 minutes,United States,English,$24.1 million,107.0,24.1,6.5,1993-04-02,73.0,N/A,6.2,Stephen Sommers,,"['Adventures of Huckleberry Finn', 'by', 'Mark Twain']","['John Baldecchi', 'Steve White']","['Elijah Wood', 'Courtney B. Vance', 'Robbie Coltrane', 'Jason Robards']",Bill Conti,$6.5 million,,,Janusz Kamiński,Bob Ducsay,,Stephen Sommers,,,
186,Hocus Pocus,Walt Disney Pictures,Buena Vista Pictures,"['July 16, 1993']",96 minutes,United States,English,$45.4 million,96.0,45.4,28.0,1993-07-16,38.0,43,6.9,Kenny Ortega,,,"['David Kirschner', 'Steven Haft']","['Bette Midler', 'Sarah Jessica Parker', 'Kathy Najimy', 'Omri Katz', 'Thora Birch', 'Vinessa Shaw']",John Debney,$28 million,"['David Kirschner', 'Mick Garris']",,Hiro Narita,Peter E. Berger,,"['Mick Garris', 'Neil Cuthbert']",,,
187,Cool Runnings,Walt Disney Pictures,Buena Vista Pictures,"['October 1, 1993']",98 minutes,United States,English,$154.9 million,98.0,154.9,17.0,1993-10-01,76.0,60,7.0,Jon Turteltaub,,,"['Dawn Steel', 'Chris Meledandri']","['John Candy', 'Leon Robinson', 'Doug E. Doug', 'Rawle D. Lewis', 'Malik Yoba']",Hans Zimmer,$17 million,"['Lynn Siefert', 'Michael Ritchie']",,Phedon Papamichael,Bruce Green,,"['Lynn Siefert', 'Tommy Swerdlow', 'Michael Goldberg']",,,
188,The Three Musketeers,,Buena Vista Pictures,"['November 12, 1993']",105 minutes,,English,$111 million,105.0,111.0,30.0,1993-11-12,26.0,35,5.7,Stephen Herek,,['by'],"['Joe Roth', 'Roger Birnbaum']","['Charlie Sheen', 'Kiefer Sutherland', ""Chris O'Donnell"", 'Oliver Platt', 'Tim Curry', 'Rebecca De Mornay', 'Gabrielle Anwar']",Michael Kamen,$30 million,,,Dean Semler,John F. Link,,David Loughery,"['United States', 'Austria']",,"['Walt Disney Pictures', 'Caravan Pictures']"
189,Iron Will,Walt Disney Pictures,Buena Vista Pictures,"['January 14, 1994']",108 minutes,United States,English,$21 million,108.0,21.0,,1994-01-14,67.0,56,6.6,Charles Haid,"['John Michael Hayes', 'Djordje Milicevic', 'Jeff Arch']",,"['Patrick Palmer', 'Robert Schwartz']","['Mackenzie Astin', 'Kevin Spacey', 'David Ogden Stiers']",Joel McNeely,,,,William Wages,Andrew Doerfer,,,,,
190,Blank Check,Walt Disney Pictures,Buena Vista Pictures,"['February 11, 1994']",94 minutes,United States,English,$39 million,94.0,39.0,13.0,1994-02-11,9.0,42,5.2,Rupert Wainwright,"['Blake Snyder', 'Colby Carr']",,"['Gary Adelson', 'Craig Baumgarten', 'Tony Shimkin']","['Brian Bonsall', 'Karen Duffy', 'Miguel Ferrer', 'James Rebhorn', 'Tone Lōc', 'Jayne Atkinson', 'Michael Lerner']",Nicholas Pike,$13 million,,,Bill Pope,"['Hubert de la Bouillerie', 'Jill Savitt']",,,,,
191,D2: The Mighty Ducks,,Buena Vista Pictures,"['March 25, 1994']",106 minutes,United States,English,$45.6 million,106.0,45.6,,1994-03-25,21.0,N/A,6.1,Sam Weisman,Steven Brill,"['Characters', 'by Steven Brill']","['Jon Avnet', 'Jordan Kerner']","['Emilio Estevez', 'Michael Tucker', 'Jan Rubeš', 'Kathryn Erbe']",J. A. C. Redford,,,,Mark Irwin,"['John F. Link', 'Eric Sears']",,,,,"['Walt Disney Pictures', 'Avnet–Kerner Productions']"
192,White Fang 2: Myth of the White Wolf,Walt Disney Pictures,Buena Vista Pictures,"['April 14, 1994']",102 minutes,United States,English,"$8,878,839 (US)",102.0,8.0,,1994-04-14,71.0,N/A,5.4,Ken Olin,David Fallon,,Preston Fischer,"['Scott Bairstow', 'Charmaine Craig', 'Alfred Molina', 'Geoffrey Lewis']",John Debney,,,,Hiro Narita,Elba Sanchez-Short,,,,,
193,The Lion King,,Buena Vista Pictures,"['June 15, 1994 (United States)']",88 minutes,United States,English,$968.5 million,88.0,968.5,45.0,1994-06-15,93.0,88,8.5,"['Roger Allers', 'Rob Minkoff']",,,Don Hahn,"['Jonathan Taylor Thomas', 'Matthew Broderick', 'James Earl Jones', 'Jeremy Irons', 'Moira Kelly', 'Niketa Calame', 'Ernie Sabella', 'Nathan Lane', 'Robert Guillaume', 'Rowan Atkinson', 'Whoopi Goldberg', 'Cheech Marin', 'Jim Cummings', 'Madge Sinclair']",Hans Zimmer,$45 million,"['Brenda Chapman', 'Barry Johnson', 'Andy Gaskill', 'Kevin Harkey', 'Tom Sito', 'Rick Maki', 'Burny Mattinson', 'Lorna Cook', 'Gary Trousdale', 'Jorgen Klubien', 'Larry Leker', 'Ed Gombert', 'Mark Kausler', 'Thom Enriquez', 'Jim Capobianco', 'Chris Sanders', 'Joe Ranft', 'Francis Glebas']",,,Ivan Bilancio,,"['Irene Mecchi', 'Jonathan Roberts', 'Linda Woolverton']",,,"['Walt Disney Pictures', 'Walt Disney Feature Animation']"
194,Angels in the Outfield,,Buena Vista Pictures,"['July 15, 1994']",102 minutes,United States,English,$50.2 million,102.0,50.2,31.0,1994-07-15,32.0,44,6.1,William Dear,,"['Angels in the Outfield', '1951 film', 'by', 'Dorothy Kingsley', 'George Wells']","['Irby Smith', 'Joe Roth', 'Roger Birnbaum']","['Danny Glover', 'Tony Danza', 'Brenda Fricker', 'Ben Johnson', 'Jay O. Sanders', 'Christopher Lloyd']",Randy Edelman,$31 million,,,Matthew F. Leonetti,Bruce Green,,Holly Goldberg Sloan,,,"['Walt Disney Pictures', 'Caravan Pictures']"
195,Squanto: A Warrior's Tale,Walt Disney Pictures,Buena Vista Pictures,"['October 28, 1994']",102 minutes,,English,"$3,337,685",102.0,3.0,,1994-10-28,60.0,N/A,6.0,Xavier Koller,Darlene Craviotto,,Kathryn F. Galan,"['Adam Beach', 'Michael Gambon', 'Nathaniel Parker', 'Mandy Patinkin']",Joel McNeely,,,,Robbie Greenberg,"['Lisa Day', 'Gillian Hutshing']",,,"['United States', 'Canada']",,
196,The Santa Clause,,Buena Vista Pictures,"['November 11, 1994']",97 minutes,United States,English,$189.8 million,97.0,189.8,22.0,1994-11-11,73.0,57,6.5,John Pasquin,"['Leo Benvenuti', 'Steve Rudnick']",,"['Brian Reilly', 'Jeffrey Silver', 'Robert Newmyer']","['Tim Allen', 'Judge Reinhold', 'Wendy Crewson', 'David Krumholtz', 'Peter Boyle']",Michael Convertino,$22 million,,,Walt Lloyd,Larry Bock,,,,,"['Walt Disney Pictures', 'Hollywood Pictures', 'Outlaw Productions']"
197,Rudyard Kipling's The Jungle Book,,Buena Vista Pictures,"['December 21, 1994']",111 minutes,United States,English,$70.7 million,111.0,70.7,30.0,1994-12-21,,N/A,7.1,Stephen Sommers,,"['The Jungle Book', 'and', 'The Second Jungle Book', 'by', 'Rudyard Kipling']","['Edward S. Feldman', 'Raju Patel']","['Jason Scott Lee', 'Cary Elwes', 'Lena Headey', 'Sam Neill', 'John Cleese']",Basil Poledouris,$30 million,"['Ronald Yanover', 'Mark Geldman']",,Juan Ruiz Anchía,Bob Ducsay,,"['Stephen Sommers', 'Ronald Yanover', 'Mark Geldman']",,,"['Baloo Productions', 'Jungle Book Films', 'Walt Disney Pictures']"
